{
  "data": [
    {
      "exchanges": ["OKEX"],
      "marginTrading": true,
      "tradeTotalBtc": [200],
      "warmUpMin": 0,
      "strategies": {
        "WaveSurfer": {
          "minSurfCandles": 2,
          "pair": "USD_BTC",
          "candleSize": 360,
          "enableLog": true
        },
        "StopLossTurn": {
          "order": "closeLong",
          "setback": 1.9,
          "time": 1800,
          "candleSize": 30,
          "pair": "USD_BTC",
          "enableLog": false
        },
        "TakeProfit": {
          "order": "closeLong",
          "profit": 3.0,
          "time": 3600,
          "candleSize": 60,
          "pair": "USD_BTC",
          "enableLog": false
        }
      }
    }
  ]
}