{
  "data": [
    {
      "exchanges": ["Poloniex"],
      "marginTrading": true,
      "tradeTotalBtc": 0.7,
      "warmUpMin": 0,
      "strategies": {
        "BollingerDayTrader": {
          "tradeMarkets": "trending",
          "time": 3600,
          "notifyBeforeStopSec": 1800,
          "stopBandTrending": "opposite",
          "delayTicks": 2,
          "candleSize": 60,
          "pair": "BTC_ETH",
          "tradeStrategy": "RSIScalpOrderer",
          "enableLog": true
        },
        "DirectionFollower": {
          "interval": 14,
          "adxTrend": 20,
          "adxMaxTrend": 32,
          "initialStop": true,
          "accelerationFactor": 0.06,
          "accelerationMax": 0.2,
          "tradeDirection": "both",
          "candleSize": 240,
          "pair": "BTC_ETH",
          "tradeStrategy": "RSIScalpOrderer",
          "fallback": true,
          "enableLog": false
        },
        "RSIScalpOrderer": {
          "low": 34,
          "high": 70,
          "expiry": 20,
          "candleSize": 5,
          "pair": "BTC_ETH",
          "enableLog": true
        },
        "StopLossTurn": {
          "order": "closeLong",
          "setback": 5.5,
          "setbackLong": 6.5,
          "time": 7200,
          "notifyBeforeStopSec": 1800,
          "reduceTimeByVolatility": false,
          "low": 52,
          "high": 56,
          "candleSize": 5,
          "pair": "BTC_ETH",
          "enableLog": false
        }
      }
    }
  ]
}