{
    "data": [
        {
            "exchanges": [
                "Bitfinex"
            ],
            "marginTrading": true,
            "tradeTotalBtc": 200,
            "warmUpMin": 0,
            "strategies": {
                "DEMA": {
                    "CrossMAType": "EMA",
                    "autoSensitivity": false,
                    "minVolatility": 0,
                    "closeDecreasingDiff": 6,
                    "short": 7,
                    "long": 30,
                    "pair": "USD_BTC",
                    "candleSize": 60,
                    "tradeStrategy": "RSIScalpOrderer",
                    "enableLog": true
                },
                "RSIScalpOrderer": {
                    "low": 34,
                    "high": 70,
                    "expiry": 20,
                    "candleSize": 5,
                    "pair": "USD_BTC",
                    "enableLog": true
                },
                "StopLossTurn": {
                    "order": "closeLong",
                    "setback": 3.5,
                    "setbackLong": 5.5,
                    "updateTrailingStop": false,
                    "time": 300,
                    "reduceTimeByVolatility": false,
                    "keepTrendOpen": false,
                    "low": 52,
                    "high": 56,
                    "candleSize": 5,
                    "pair": "USD_BTC",
                    "enableLog": false
                },
                "TakeProfit": {
                    "order": "closeShort",
                    "profit": 6.1,
                    "updateTrailingStop": false,
                    "time": 300,
                    "candleSize": 5,
                    "pair": "USD_BTC",
                    "enableLog": false
                }
            }
        }
    ]
}