{
  "data": [
    {
      "exchanges": ["OKEX"],
      "marginTrading": true,
      "tradeTotalBtc": 200,
      "tradeDirection": "both",
      "warmUpMin": 0,
      "strategies": {
        "MACD": {
          "takeProfitTicks": 3,
          "closeSidewaysMarkets": true,
          "short": 12,
          "long": 26,
          "signal": 9,
          "interval": 48,
          "trendCandleThreshold": 50,
          "pair": "USD_BTC",
          "candleSize": 60,
          "tradeStrategy": "RSIScalpOrderer",
          "enableLog": true
        },
        "RSIScalpOrderer": {
          "low": 34,
          "high": 70,
          "expiry": 20,
          "candleSize": 5,
          "pair": "USD_BTC",
          "enableLog": true
        },
        "StopLossTurn": {
          "order": "closeLong",
          "setback": 3.5,
          "setbackLong": 5.5,
          "time": 7200,
          "reduceTimeByVolatility": false,
          "low": 52,
          "high": 56,
          "candleSize": 5,
          "pair": "USD_BTC",
          "enableLog": false
        }
      }
    }
  ]
}