{
  "data": [
    {
      "exchanges": "default",
      "marginTrading": true,
      "tradeTotalBtc": 0.0,
      "warmUpMin": 0,
      "strategies": {
        "Trendatron": {
          "interval": 18,
          "pair": "BTC_ETH",
          "candleSize": 15,
          "enableLog": true
        },
        "StopLossTurn": {
          "order": "closeLong",
          "setback": 14,
          "time": 7200,
          "candleSize": 5,
          "pair": "BTC_ETH",
          "enableLog": false
        }
      }
    }
  ]
}