{
    "data": [
        {
            "exchanges": [
                "OKEX"
            ],
            "marginTrading": true,
            "tradeTotalBtc": 200,
            "warmUpMin": 0,
            "strategies": {
                "DEMA": {
                    "CrossMAType": "EMA",
                    "autoSensitivity": false,
                    "minVolatility": 0,
                    "closeDecreasingDiff": 4,
                    "short": 4,
                    "long": 15,
                    "pair": "USD_BTC",
                    "candleSize": 60,
                    "tradeStrategy": "RSIScalpOrderer",
                    "enableLog": true
                },
                "RSIScalpOrderer": {
                    "low": 34,
                    "high": 70,
                    "expiry": 20,
                    "candleSize": 5,
                    "pair": "USD_BTC",
                    "enableLog": true
                },
                "IntervalExtremes": {
                    "tradeDirection": "both",
                    "mode": "bounce",
                    "tradeInterval": "halfDay",
                    "candleSize": 60,
                    "pair": "USD_BTC",
                    "tradeStrategy": "RSIScalpOrderer",
                    "enableLog": true
                },
                "StopLossTurn": {
                    "order": "closeLong",
                    "setback": 3.5,
                    "setbackLong": 5.5,
                    "time": 7200,
                    "reduceTimeByVolatility": false,
                    "low": 52,
                    "high": 56,
                    "candleSize": 5,
                    "pair": "USD_BTC",
                    "enableLog": false
                }
            }
        }
    ]
}