{
  "data": [
    {
      "exchanges": "default",
      "marginTrading": true,
      "tradeTotalBtc": 0.3,
      "warmUpMin": 0,
      "strategies": {
        "SimpleAndShort": {
          "stopStart": 3.0,
          "takeProfitStart": 4.0,
          "pair": "BTC_ETH",
          "candleSize": 30,
          "enableLog": true
        },
        "Scalper": {
          "interval": 14,
          "pair": "BTC_ETH",
          "candleSize": 60,
          "enableLog": true
        },
        "StopLossTurn": {
          "order": "closeLong",
          "setback": 3.99,
          "time": 14400,
          "candleSize": 5,
          "pair": "BTC_ETH",
          "enableLog": false
        }
      }
    }
  ]
}