{
  "data": [
    {
      "exchanges": ["Poloniex"],
      "marginTrading": true,
      "tradeTotalBtc": 0.7,
      "warmUpMin": 0,
      "strategies": {
        "OrderPartitioner": {
          "tradeCount": 20,
          "percentChange": 0.35,
          "whalePercentage": 5,
          "fishPercentage": 1.1,
          "volumeBuySellLongThreshold": 70,
          "volumeBuySellShortThreshold": 30,
          "pair": "BTC_ETH",
          "candleSize": 60,
          "enableLog": false
        },
        "StopLossTurn": {
          "order": "closeLong",
          "setback": 3.5,
          "setbackLong": 5.5,
          "time": 7200,
          "reduceTimeByVolatility": false,
          "low": 52,
          "high": 56,
          "candleSize": 5,
          "pair": "BTC_ETH",
          "enableLog": false
        }
      }
    }
  ]
}