{
    "data": [
        {
            "exchanges": [
                "BitMEX"
            ],
            "marginTrading": true,
            "tradeTotalBtc": 200,
            "notifyTrades": true,
            "warmUpMin": 0,
            "exchangeParams": [
                "XBTZ19",
                "USD_BTC"
            ],
            "strategies": {
                "TradingViewSignal": {
                    "email": "tradingview@wolfbot.org",
                    "password": "",
                    "host": "",
                    "port": 0,
                    "tls": true,
                    "checkMailSec": 120,
                    "tradeDirection": "both",
                    "buyWords": "buy",
                    "sellWords": "sell",
                    "closeWords": "close",
                    "alwaysAllowPosIncrease": false,
                    "forceMaker": false,
                    "pair": "USD_BTC",
                    "candleSize": 1,
                    "tradeStrategy": "",
                    "enableLog": true
                }
            }
        }
    ]
}