{
  "data": [
    {
      "exchanges": [
        "BitMEX"
      ],
      "marginTrading": true,
      "tradeTotalBtc": 10,
      "warmUpMin": 0,
      "notifyTrades": true,
      "updateIndicatorsOnTrade": false,
      "flipPosition": true,
      "closePositionFirst": false,
      "closePositionAndTrade": false,
      "strategies": {
        "TradingViewSignal": {
          "email": "tradingview@wolfbot.org",
          "password": "",
          "host": "",
          "port": 0,
          "tls": true,
          "checkMailSec": 31,
          "tradeDirection": "both",
          "buyWords": "buy",
          "sellWords": "sell",
          "closeWords": "close",
          "alwaysAllowPosIncrease": true,
          "forceMaker": false,
          "pair": "USD_ETH",
          "candleSize": 1,
          "tradeStrategy": "",
          "enableLog": true
        },
        "StopLossTurn": {
          "order": "closeLong",
          "setback": 1.8,
          "setbackLong": 1.8,
          "updateTrailingStop": false,
          "time": 20,
          "notifyBeforeStopSec": 120,
          "reduceTimeByVolatility": false,
          "keepTrendOpen": false,
          "low": 25,
          "high": 75,
          "candleSize": 5,
          "pair": "USD_ETH",
          "enableLog": false
        },
        "TakeProfit": {
          "order": "closeLong",
          "profit": 1.1,
          "updateTrailingStop": false,
          "time": 20,
          "candleSize": 5,
          "pair": "USD_ETH",
          "enableLog": false
        }
      }
    }
  ]
}
