{
    "data": [
        {
            "exchanges": [
                "BitMEX"
            ],
            "marginTrading": true,
            "tradeTotalBtc": 200,
            "notifyTrades": true,
            "warmUpMin": 0,
            "strategies": {
                "StopLossTurn": {
                    "order": "closeShort",
                    "stop": 9820.6,
                    "stopLong": 6926.1,
                    "time": 30,
                    "closePosition": "always",
                    "reduceTimeByVolatility": false,
                    "keepTrendOpen": false,
                    "notifyBeforeStopSec": 120,
                    "low": 40,
                    "high": 65,
                    "candleSize": 5,
                    "pair": "USD_BTC",
                    "enableLog": true
                }
            }
        },
        {
            "exchanges": [
                "BitMEX"
            ],
            "marginTrading": true,
            "tradeTotalBtc": 200,
            "notifyTrades": true,
            "warmUpMin": 0,
            "strategies": {
                "StopLossTurn": {
                    "order": "closeLong",
                    "stop": 194.9,
                    "stopLong": 135.1,
                    "time": 30,
                    "closePosition": "always",
                    "reduceTimeByVolatility": false,
                    "keepTrendOpen": false,
                    "notifyBeforeStopSec": 120,
                    "low": 40,
                    "high": 65,
                    "candleSize": 5,
                    "pair": "USD_ETH",
                    "enableLog": true
                }
            }
        }
    ]
}
