{
    "data": [
        {
            "exchanges": [
                "Bitfinex"
            ],
            "marginTrading": true,
            "tradeTotalBtc": 0,
            "warmUpMin": 0,
            "updateIndicatorsOnTrade": false,
            "flipPosition": false,
            "closePositionFirst": false,
            "strategies": {
                "CandleTester": {
                    "pair": "USD_BTC",
                    "candleSize": 3,
                    "enableLog": true
                }
            }
        }
    ]
}