{
    "data": [
        {
            "exchanges": [
                "Deribit"
            ],
            "marginTrading": true,
            "tradeTotalBtc": 200,
            "maxLeverage": 100,
            "warmUpMin": 0,
            "updateIndicatorsOnTrade": true,
            "flipPosition": false,
            "strategies": {
                "CCI": {
                    "low": -100,
                    "high": 100,
                    "closeShort": 0,
                    "closeLong": 0,
                    "interval": 20,
                    "mode": "trend",
                    "pair": "USD_BTC",
                    "candleSize": 60,
                    "tradeStrategy": "RSIScalpOrderer",
                    "enableLog": true
                },
                "RSIScalpOrderer": {
                    "low": 34,
                    "high": 70,
                    "expiry": 20,
                    "candleSize": 5,
                    "pair": "USD_BTC",
                    "enableLog": true
                },
                "StopLossTurn": {
                    "order": "closeLong",
                    "stop": 0.0,
                    "stopLong": 0.0,
                    "setback": 3,
                    "setbackLong": 4.5,
                    "time": 7200,
                    "reduceTimeByVolatility": false,
                    "low": 52,
                    "high": 56,
                    "candleSize": 6,
                    "pair": "USD_BTC",
                    "enableLog": false
                },
                "TakeProfit": {
                    "order": "closeLong",
                    "profit": 5.2,
                    "time": 3600,
                    "candleSize": 6,
                    "pair": "USD_BTC",
                    "enableLog": false
                }
            }
        }
    ]
}