{
  "data": [
    {
      "exchanges": ["Bitfinex"],
      "marginTrading": true,
      "tradeTotalBtc": 50.0,
      "notifyTrades": true,
      "strategies": {
        "DirectionRunner": {
          "direction": "long",
          "enterImmediately": true,
          "longTrendIndicators": ["DEMA"],
          "indicators": ["RSIScalper"],
          "exitIndicators": ["RSI"],
          "pair": "USD_BTC",
          "candleSize": 60,
          "tradeStrategy": "RSIScalpOrderer",
          "enableLog": true
        },
        "DEMA": {
          "CrossMAType": "EMA",
          "autoSensitivity": false,
          "minVolatility": 0.0,
          "closeDecreasingDiff": 0,
          "short": 4,
          "long": 15,
          "pair": "USD_BTC",
          "candleSize": 60,
          "enableLog": false
        },
        "RSIScalper": {
          "percentage": 100,
          "low": 30,
          "high": 75,
          "interval": 2,
          "openPosition": true,
          "scalpOnce": false,
          "candleSize": 60,
          "pair": "USD_BTC",
          "enableLog": true
        },
        "RSI": {
          "low": 54,
          "high": 55,
          "interval": 2,
          "pair": "USD_BTC",
          "candleSize": 60,
          "enableLog": false
        },
        "RSIScalpOrderer": {
          "low": 34,
          "high": 70,
          "expiry": 20,
          "candleSize": 5,
          "pair": "USD_BTC",
          "enableLog": true
        },
        "StopLossTurn": {
          "order": "closeLong",
          "setback": 3.5,
          "setbackLong": 5.5,
          "time": 7200,
          "reduceTimeByVolatility": false,
          "low": 52,
          "high": 56,
          "candleSize": 5,
          "pair": "USD_BTC",
          "enableLog": false
        },
        "TakeProfitPartial": {
          "order": "closeLong",
          "profit": 2.9,
          "percentage": 60,
          "time": 1800,
          "candleSize": 5,
          "pair": "USD_BTC",
          "enableLog": false
        }
      }
    },
    {
      "exchanges": ["Bitfinex"],
      "marginTrading": true,
      "tradeTotalBtc": 50.0,
      "notifyTrades": true,
      "strategies": {
        "DirectionRunner": {
          "direction": "long",
          "enterImmediately": true,
          "longTrendIndicators": ["DEMA"],
          "indicators": ["RSIScalper"],
          "exitIndicators": ["RSI"],
          "pair": "USD_LTC",
          "candleSize": 60,
          "tradeStrategy": "RSIScalpOrderer",
          "enableLog": true
        },
        "DEMA": {
          "CrossMAType": "EMA",
          "autoSensitivity": false,
          "minVolatility": 0.0,
          "closeDecreasingDiff": 0,
          "short": 4,
          "long": 15,
          "pair": "USD_LTC",
          "candleSize": 60,
          "enableLog": false
        },
        "RSIScalper": {
          "percentage": 100,
          "low": 30,
          "high": 75,
          "interval": 2,
          "openPosition": true,
          "scalpOnce": false,
          "candleSize": 60,
          "pair": "USD_LTC",
          "enableLog": true
        },
        "RSI": {
          "low": 54,
          "high": 55,
          "interval": 2,
          "pair": "USD_LTC",
          "candleSize": 60,
          "enableLog": false
        },
        "RSIScalpOrderer": {
          "low": 34,
          "high": 70,
          "expiry": 20,
          "candleSize": 5,
          "pair": "USD_LTC",
          "enableLog": true
        },
        "StopLossTurn": {
          "order": "closeLong",
          "setback": 3.2,
          "setbackLong": 5.5,
          "time": 7200,
          "reduceTimeByVolatility": false,
          "low": 52,
          "high": 56,
          "candleSize": 5,
          "pair": "USD_LTC",
          "enableLog": false
        },
        "TakeProfitPartial": {
          "order": "closeLong",
          "profit": 2.9,
          "percentage": 60,
          "time": 1800,
          "candleSize": 5,
          "pair": "USD_LTC",
          "enableLog": false
        }
      }
    },
    {
      "exchanges": ["Bitfinex"],
      "marginTrading": true,
      "tradeTotalBtc": 50.0,
      "notifyTrades": true,
      "strategies": {
        "DirectionRunner": {
          "direction": "long",
          "enterImmediately": true,
          "longTrendIndicators": ["DEMA"],
          "indicators": ["RSIScalper"],
          "exitIndicators": ["RSI"],
          "pair": "USD_ETH",
          "candleSize": 60,
          "tradeStrategy": "RSIScalpOrderer",
          "enableLog": true
        },
        "DEMA": {
          "CrossMAType": "EMA",
          "autoSensitivity": false,
          "minVolatility": 0.0,
          "closeDecreasingDiff": 0,
          "short": 4,
          "long": 15,
          "pair": "USD_ETH",
          "candleSize": 60,
          "enableLog": false
        },
        "RSIScalper": {
          "percentage": 100,
          "low": 30,
          "high": 75,
          "interval": 2,
          "openPosition": true,
          "scalpOnce": false,
          "candleSize": 60,
          "pair": "USD_ETH",
          "enableLog": true
        },
        "RSI": {
          "low": 54,
          "high": 55,
          "interval": 2,
          "pair": "USD_ETH",
          "candleSize": 60,
          "enableLog": false
        },
        "RSIScalpOrderer": {
          "low": 34,
          "high": 70,
          "expiry": 20,
          "candleSize": 5,
          "pair": "USD_ETH",
          "enableLog": true
        },
        "StopLossTurn": {
          "order": "closeLong",
          "setback": 3.2,
          "setbackLong": 5.5,
          "time": 7200,
          "reduceTimeByVolatility": false,
          "low": 52,
          "high": 56,
          "candleSize": 5,
          "pair": "USD_ETH",
          "enableLog": false
        },
        "TakeProfitPartial": {
          "order": "closeLong",
          "profit": 12.9,
          "percentage": 60,
          "time": 1800,
          "candleSize": 5,
          "pair": "USD_ETH",
          "enableLog": false
        }
      }
    },
    {
      "exchanges": ["Bitfinex"],
      "marginTrading": true,
      "tradeTotalBtc": 20.0,
      "notifyTrades": true,
      "strategies": {
        "DirectionRunner": {
          "direction": "long",
          "enterImmediately": true,
          "longTrendIndicators": ["DEMA"],
          "indicators": ["RSIScalper"],
          "exitIndicators": ["RSI"],
          "pair": "USD_XMR",
          "candleSize": 60,
          "tradeStrategy": "RSIScalpOrderer",
          "enableLog": true
        },
        "DEMA": {
          "CrossMAType": "EMA",
          "autoSensitivity": false,
          "minVolatility": 0.0,
          "closeDecreasingDiff": 0,
          "short": 4,
          "long": 15,
          "pair": "USD_XMR",
          "candleSize": 60,
          "enableLog": false
        },
        "RSIScalper": {
          "percentage": 100,
          "low": 30,
          "high": 75,
          "interval": 2,
          "openPosition": true,
          "scalpOnce": false,
          "candleSize": 60,
          "pair": "USD_XMR",
          "enableLog": true
        },
        "RSI": {
          "low": 54,
          "high": 55,
          "interval": 2,
          "pair": "USD_XMR",
          "candleSize": 60,
          "enableLog": false
        },
        "RSIScalpOrderer": {
          "low": 34,
          "high": 70,
          "expiry": 20,
          "candleSize": 5,
          "pair": "USD_XMR",
          "enableLog": true
        },
        "StopLossTurn": {
          "order": "closeLong",
          "setback": 4.5,
          "setbackLong": 5.5,
          "time": 7200,
          "reduceTimeByVolatility": false,
          "low": 52,
          "high": 56,
          "candleSize": 5,
          "pair": "USD_XMR",
          "enableLog": false
        },
        "TakeProfitPartial": {
          "order": "closeLong",
          "profit": 2.9,
          "percentage": 60,
          "time": 1800,
          "candleSize": 5,
          "pair": "USD_XMR",
          "enableLog": false
        }
      }
    },
    {
      "exchanges": ["Bitfinex"],
      "marginTrading": true,
      "tradeTotalBtc": 20.0,
      "notifyTrades": true,
      "strategies": {
        "DirectionRunner": {
          "direction": "long",
          "enterImmediately": true,
          "longTrendIndicators": ["DEMA"],
          "indicators": ["RSIScalper"],
          "exitIndicators": ["RSI"],
          "pair": "USD_DASH",
          "candleSize": 60,
          "tradeStrategy": "RSIScalpOrderer",
          "enableLog": true
        },
        "DEMA": {
          "CrossMAType": "EMA",
          "autoSensitivity": false,
          "minVolatility": 0.0,
          "closeDecreasingDiff": 0,
          "short": 4,
          "long": 15,
          "pair": "USD_DASH",
          "candleSize": 60,
          "enableLog": false
        },
        "RSIScalper": {
          "percentage": 100,
          "low": 30,
          "high": 75,
          "interval": 2,
          "openPosition": true,
          "scalpOnce": false,
          "candleSize": 60,
          "pair": "USD_DASH",
          "enableLog": true
        },
        "RSI": {
          "low": 54,
          "high": 55,
          "interval": 2,
          "pair": "USD_DASH",
          "candleSize": 60,
          "enableLog": false
        },
        "RSIScalpOrderer": {
          "low": 34,
          "high": 70,
          "expiry": 20,
          "candleSize": 5,
          "pair": "USD_DASH",
          "enableLog": true
        },
        "StopLossTurn": {
          "order": "closeLong",
          "setback": 4.5,
          "setbackLong": 6.5,
          "time": 7200,
          "reduceTimeByVolatility": false,
          "low": 52,
          "high": 56,
          "candleSize": 5,
          "pair": "USD_DASH",
          "enableLog": false
        },
        "TakeProfitPartial": {
          "order": "closeLong",
          "profit": 2.9,
          "percentage": 60,
          "time": 1800,
          "candleSize": 5,
          "pair": "USD_DASH",
          "enableLog": false
        }
      }
    },
    {
      "exchanges": ["Bitfinex"],
      "marginTrading": true,
      "tradeTotalBtc": 20.0,
      "notifyTrades": true,
      "strategies": {
        "DirectionRunner": {
          "direction": "long",
          "enterImmediately": true,
          "longTrendIndicators": ["DEMA"],
          "indicators": ["RSIScalper"],
          "exitIndicators": ["RSI"],
          "pair": "USD_IOTA",
          "candleSize": 60,
          "tradeStrategy": "RSIScalpOrderer",
          "enableLog": true
        },
        "DEMA": {
          "CrossMAType": "EMA",
          "autoSensitivity": false,
          "minVolatility": 0.0,
          "closeDecreasingDiff": 0,
          "short": 4,
          "long": 15,
          "pair": "USD_IOTA",
          "candleSize": 60,
          "enableLog": false
        },
        "RSIScalper": {
          "percentage": 100,
          "low": 30,
          "high": 75,
          "interval": 2,
          "openPosition": true,
          "scalpOnce": false,
          "candleSize": 60,
          "pair": "USD_IOTA",
          "enableLog": true
        },
        "RSI": {
          "low": 54,
          "high": 55,
          "interval": 2,
          "pair": "USD_IOTA",
          "candleSize": 60,
          "enableLog": false
        },
        "RSIScalpOrderer": {
          "low": 34,
          "high": 70,
          "expiry": 20,
          "candleSize": 5,
          "pair": "USD_IOTA",
          "enableLog": true
        },
        "StopLossTurn": {
          "order": "closeLong",
          "setback": 3.2,
          "setbackLong": 4.5,
          "time": 7200,
          "reduceTimeByVolatility": false,
          "low": 52,
          "high": 56,
          "candleSize": 5,
          "pair": "USD_IOTA",
          "enableLog": false
        },
        "TakeProfitPartial": {
          "order": "closeLong",
          "profit": 2.9,
          "percentage": 60,
          "time": 1800,
          "candleSize": 5,
          "pair": "USD_IOTA",
          "enableLog": false
        }
      }
    },
    {
      "exchanges": ["Bitfinex"],
      "marginTrading": true,
      "tradeTotalBtc": 20.0,
      "notifyTrades": true,
      "strategies": {
        "DirectionRunner": {
          "direction": "long",
          "enterImmediately": true,
          "longTrendIndicators": ["DEMA"],
          "indicators": ["RSIScalper"],
          "exitIndicators": ["RSI"],
          "pair": "USD_ZEC",
          "candleSize": 60,
          "tradeStrategy": "RSIScalpOrderer",
          "enableLog": true
        },
        "DEMA": {
          "CrossMAType": "EMA",
          "autoSensitivity": false,
          "minVolatility": 0.0,
          "closeDecreasingDiff": 0,
          "short": 4,
          "long": 15,
          "pair": "USD_ZEC",
          "candleSize": 60,
          "enableLog": false
        },
        "RSIScalper": {
          "percentage": 100,
          "low": 30,
          "high": 75,
          "interval": 2,
          "openPosition": true,
          "scalpOnce": false,
          "candleSize": 60,
          "pair": "USD_ZEC",
          "enableLog": true
        },
        "RSI": {
          "low": 54,
          "high": 55,
          "interval": 2,
          "pair": "USD_ZEC",
          "candleSize": 60,
          "enableLog": false
        },
        "RSIScalpOrderer": {
          "low": 34,
          "high": 70,
          "expiry": 20,
          "candleSize": 5,
          "pair": "USD_ZEC",
          "enableLog": true
        },
        "StopLossTurn": {
          "order": "closeLong",
          "setback": 4.5,
          "setbackLong": 6.5,
          "time": 7200,
          "reduceTimeByVolatility": false,
          "low": 52,
          "high": 56,
          "candleSize": 5,
          "pair": "USD_ZEC",
          "enableLog": false
        },
        "TakeProfitPartial": {
          "order": "closeLong",
          "profit": 2.9,
          "percentage": 60,
          "time": 1800,
          "candleSize": 5,
          "pair": "USD_ZEC",
          "enableLog": false
        }
      }
    },
    {
      "exchanges": ["Bitfinex"],
      "marginTrading": true,
      "tradeTotalBtc": 20.0,
      "notifyTrades": true,
      "strategies": {
        "DirectionRunner": {
          "direction": "long",
          "enterImmediately": true,
          "longTrendIndicators": ["DEMA"],
          "indicators": ["RSIScalper"],
          "exitIndicators": ["RSI"],
          "pair": "USD_BCH",
          "candleSize": 60,
          "tradeStrategy": "RSIScalpOrderer",
          "enableLog": true
        },
        "DEMA": {
          "CrossMAType": "EMA",
          "autoSensitivity": false,
          "minVolatility": 0.0,
          "closeDecreasingDiff": 0,
          "short": 4,
          "long": 15,
          "pair": "USD_BCH",
          "candleSize": 60,
          "enableLog": false
        },
        "RSIScalper": {
          "percentage": 100,
          "low": 30,
          "high": 75,
          "interval": 2,
          "openPosition": true,
          "scalpOnce": false,
          "candleSize": 60,
          "pair": "USD_BCH",
          "enableLog": true
        },
        "RSI": {
          "low": 54,
          "high": 55,
          "interval": 2,
          "pair": "USD_BCH",
          "candleSize": 60,
          "enableLog": false
        },
        "RSIScalpOrderer": {
          "low": 34,
          "high": 70,
          "expiry": 20,
          "candleSize": 5,
          "pair": "USD_BCH",
          "enableLog": true
        },
        "StopLossTurn": {
          "order": "closeLong",
          "setback": 3.5,
          "setbackLong": 7.5,
          "time": 7200,
          "reduceTimeByVolatility": false,
          "low": 52,
          "high": 56,
          "candleSize": 5,
          "pair": "USD_BCH",
          "enableLog": false
        },
        "TakeProfitPartial": {
          "order": "closeLong",
          "profit": 2.9,
          "percentage": 60,
          "time": 1800,
          "candleSize": 5,
          "pair": "USD_BCH",
          "enableLog": false
        }
      }
    },
    {
      "exchanges": ["Bitfinex"],
      "marginTrading": true,
      "tradeTotalBtc": 20.0,
      "notifyTrades": true,
      "strategies": {
        "DirectionRunner": {
          "direction": "long",
          "enterImmediately": true,
          "longTrendIndicators": ["DEMA"],
          "indicators": ["RSIScalper"],
          "exitIndicators": ["RSI"],
          "pair": "USD_OMG",
          "candleSize": 60,
          "tradeStrategy": "RSIScalpOrderer",
          "enableLog": true
        },
        "DEMA": {
          "CrossMAType": "EMA",
          "autoSensitivity": false,
          "minVolatility": 0.0,
          "closeDecreasingDiff": 0,
          "short": 4,
          "long": 15,
          "pair": "USD_OMG",
          "candleSize": 60,
          "enableLog": false
        },
        "RSIScalper": {
          "percentage": 100,
          "low": 30,
          "high": 75,
          "interval": 2,
          "openPosition": true,
          "scalpOnce": false,
          "candleSize": 60,
          "pair": "USD_OMG",
          "enableLog": true
        },
        "RSI": {
          "low": 54,
          "high": 55,
          "interval": 2,
          "pair": "USD_OMG",
          "candleSize": 60,
          "enableLog": false
        },
        "RSIScalpOrderer": {
          "low": 34,
          "high": 70,
          "expiry": 20,
          "candleSize": 5,
          "pair": "USD_OMG",
          "enableLog": true
        },
        "StopLossTurn": {
          "order": "closeLong",
          "setback": 3.2,
          "setbackLong": 4.2,
          "time": 7200,
          "reduceTimeByVolatility": false,
          "low": 52,
          "high": 56,
          "candleSize": 5,
          "pair": "USD_OMG",
          "enableLog": false
        },
        "TakeProfitPartial": {
          "order": "closeLong",
          "profit": 2.9,
          "percentage": 60,
          "time": 1800,
          "candleSize": 5,
          "pair": "USD_OMG",
          "enableLog": false
        }
      }
    },
    {
      "exchanges": ["Bitfinex"],
      "marginTrading": true,
      "tradeTotalBtc": 20.0,
      "notifyTrades": true,
      "strategies": {
        "DirectionRunner": {
          "direction": "long",
          "enterImmediately": true,
          "longTrendIndicators": ["DEMA"],
          "indicators": ["RSIScalper"],
          "exitIndicators": ["RSI"],
          "pair": "USD_NEO",
          "candleSize": 60,
          "tradeStrategy": "RSIScalpOrderer",
          "enableLog": true
        },
        "DEMA": {
          "CrossMAType": "EMA",
          "autoSensitivity": false,
          "minVolatility": 0.0,
          "closeDecreasingDiff": 0,
          "short": 4,
          "long": 15,
          "pair": "USD_NEO",
          "candleSize": 60,
          "enableLog": false
        },
        "RSIScalper": {
          "percentage": 100,
          "low": 30,
          "high": 75,
          "interval": 2,
          "openPosition": true,
          "scalpOnce": false,
          "candleSize": 60,
          "pair": "USD_NEO",
          "enableLog": true
        },
        "RSI": {
          "low": 54,
          "high": 55,
          "interval": 2,
          "pair": "USD_NEO",
          "candleSize": 60,
          "enableLog": false
        },
        "RSIScalpOrderer": {
          "low": 34,
          "high": 70,
          "expiry": 20,
          "candleSize": 5,
          "pair": "USD_NEO",
          "enableLog": true
        },
        "StopLossTurn": {
          "order": "closeLong",
          "setback": 3.2,
          "setbackLong": 4.2,
          "time": 7200,
          "reduceTimeByVolatility": false,
          "low": 52,
          "high": 56,
          "candleSize": 5,
          "pair": "USD_NEO",
          "enableLog": false
        },
        "TakeProfitPartial": {
          "order": "closeLong",
          "profit": 2.9,
          "percentage": 60,
          "time": 1800,
          "candleSize": 5,
          "pair": "USD_NEO",
          "enableLog": false
        }
      }
    },
    {
      "exchanges": ["Bitfinex"],
      "marginTrading": true,
      "tradeTotalBtc": 20.0,
      "notifyTrades": true,
      "strategies": {
        "DirectionRunner": {
          "direction": "long",
          "enterImmediately": true,
          "longTrendIndicators": ["DEMA"],
          "indicators": ["RSIScalper"],
          "exitIndicators": ["RSI"],
          "pair": "USD_EOS",
          "candleSize": 60,
          "tradeStrategy": "RSIScalpOrderer",
          "enableLog": true
        },
        "DEMA": {
          "CrossMAType": "EMA",
          "autoSensitivity": false,
          "minVolatility": 0.0,
          "closeDecreasingDiff": 0,
          "short": 4,
          "long": 15,
          "pair": "USD_EOS",
          "candleSize": 60,
          "enableLog": false
        },
        "RSIScalper": {
          "percentage": 100,
          "low": 30,
          "high": 75,
          "interval": 2,
          "openPosition": true,
          "scalpOnce": false,
          "candleSize": 60,
          "pair": "USD_EOS",
          "enableLog": true
        },
        "RSI": {
          "low": 54,
          "high": 55,
          "interval": 2,
          "pair": "USD_EOS",
          "candleSize": 60,
          "enableLog": false
        },
        "RSIScalpOrderer": {
          "low": 34,
          "high": 70,
          "expiry": 20,
          "candleSize": 5,
          "pair": "USD_EOS",
          "enableLog": true
        },
        "StopLossTurn": {
          "order": "closeLong",
          "setback": 3.2,
          "setbackLong": 4.2,
          "time": 7200,
          "reduceTimeByVolatility": false,
          "low": 52,
          "high": 56,
          "candleSize": 5,
          "pair": "USD_EOS",
          "enableLog": false
        },
        "TakeProfitPartial": {
          "order": "closeLong",
          "profit": 2.9,
          "percentage": 60,
          "time": 1800,
          "candleSize": 5,
          "pair": "USD_EOS",
          "enableLog": false
        }
      }
    },
    {
      "exchanges": ["Bitfinex"],
      "marginTrading": true,
      "tradeTotalBtc": 20.0,
      "notifyTrades": true,
      "strategies": {
        "DirectionRunner": {
          "direction": "long",
          "enterImmediately": true,
          "longTrendIndicators": ["DEMA"],
          "indicators": ["RSIScalper"],
          "exitIndicators": ["RSI"],
          "pair": "USD_XRP",
          "candleSize": 60,
          "tradeStrategy": "RSIScalpOrderer",
          "enableLog": true
        },
        "DEMA": {
          "CrossMAType": "EMA",
          "autoSensitivity": false,
          "minVolatility": 0.0,
          "closeDecreasingDiff": 0,
          "short": 4,
          "long": 15,
          "pair": "USD_XRP",
          "candleSize": 60,
          "enableLog": false
        },
        "RSIScalper": {
          "percentage": 100,
          "low": 30,
          "high": 75,
          "interval": 2,
          "openPosition": true,
          "scalpOnce": false,
          "candleSize": 60,
          "pair": "USD_XRP",
          "enableLog": true
        },
        "RSI": {
          "low": 54,
          "high": 55,
          "interval": 2,
          "pair": "USD_XRP",
          "candleSize": 60,
          "enableLog": false
        },
        "RSIScalpOrderer": {
          "low": 34,
          "high": 70,
          "expiry": 20,
          "candleSize": 5,
          "pair": "USD_XRP",
          "enableLog": true
        },
        "StopLossTurn": {
          "order": "closeLong",
          "setback": 3.2,
          "setbackLong": 4.2,
          "time": 7200,
          "reduceTimeByVolatility": false,
          "low": 52,
          "high": 56,
          "candleSize": 5,
          "pair": "USD_XRP",
          "enableLog": false
        },
        "TakeProfitPartial": {
          "order": "closeLong",
          "profit": 2.9,
          "percentage": 60,
          "time": 1800,
          "candleSize": 5,
          "pair": "USD_XRP",
          "enableLog": false
        }
      }
    },
    {
      "exchanges": ["Bitfinex"],
      "marginTrading": true,
      "tradeTotalBtc": 10.0,
      "notifyTrades": true,
      "strategies": {
        "DirectionRunner": {
          "direction": "long",
          "enterImmediately": true,
          "longTrendIndicators": ["DEMA"],
          "indicators": ["RSIScalper"],
          "exitIndicators": ["RSI"],
          "pair": "USD_SAN",
          "candleSize": 60,
          "tradeStrategy": "RSIScalpOrderer",
          "enableLog": true
        },
        "DEMA": {
          "CrossMAType": "EMA",
          "autoSensitivity": false,
          "minVolatility": 0.0,
          "closeDecreasingDiff": 0,
          "short": 4,
          "long": 15,
          "pair": "USD_SAN",
          "candleSize": 60,
          "enableLog": false
        },
        "RSIScalper": {
          "percentage": 100,
          "low": 30,
          "high": 75,
          "interval": 2,
          "openPosition": true,
          "scalpOnce": false,
          "candleSize": 60,
          "pair": "USD_SAN",
          "enableLog": true
        },
        "RSI": {
          "low": 54,
          "high": 55,
          "interval": 2,
          "pair": "USD_SAN",
          "candleSize": 60,
          "enableLog": false
        },
        "RSIScalpOrderer": {
          "low": 34,
          "high": 70,
          "expiry": 20,
          "candleSize": 5,
          "pair": "USD_SAN",
          "enableLog": true
        },
        "StopLossTurn": {
          "order": "closeLong",
          "setback": 3.2,
          "setbackLong": 4.2,
          "time": 7200,
          "reduceTimeByVolatility": false,
          "low": 52,
          "high": 56,
          "candleSize": 5,
          "pair": "USD_SAN",
          "enableLog": false
        },
        "TakeProfitPartial": {
          "order": "closeLong",
          "profit": 2.9,
          "percentage": 60,
          "time": 1800,
          "candleSize": 5,
          "pair": "USD_SAN",
          "enableLog": false
        }
      }
    }
  ]
}