{
  "data": [
    {
      "exchanges": ["Bitfinex"],
      "marginTrading": true,
      "tradeTotalBtc": 0.01,
      "notifyTrades": true,
      "strategies": {
        "PlanRunner": {
          "orders": [
            {
              "action": "buy",
              "comp": "<",
              "position": "none",
              "rate": 15.37,
              "reason": "middle high",
              "indicators": ["RSI"]
            },
            {
              "action": "sell",
              "comp": ">",
              "position": "none",
              "rate": 32.76,
              "reason": "middle high",
              "indicators": ["RSI"]
            }
          ],
          "pair": "USD_BTG",
          "candleSize": 1,
          "tradeStrategy": "RSIScalpOrderer",
          "enableLog": true
        },
        "RSI": {
          "pair": "USD_BTG",
          "candleSize": 15,
          "interval": 5,
          "low": 54,
          "high": 55,
          "enableLog": false
        },
        "RSIScalper": {
          "percentage": 20,
          "low": 25,
          "high": 75,
          "candleSize": 10,
          "pair": "USD_BTG",
          "enableLog": false
        },
        "RSIScalpOrderer": {
          "low": 34,
          "high": 70,
          "expiry": 20,
          "candleSize": 3,
          "pair": "USD_BTG",
          "enableLog": true
        },
        "StopLossTurn": {
          "order": "closeLong",
          "setback": 5.0,
          "setbackLong": 5.5,
          "time": 1800,
          "closePosition": "profit",
          "setbackProfit": 2.7,
          "triggerProfit": 4.3,
          "timeProfit": 120,
          "notifyBeforeStopSec": 1800,
          "reduceTimeByVolatility": false,
          "low": 52,
          "high": 56,
          "candleSize": 5,
          "pair": "USD_BTG",
          "enableLog": false
        },
        "TakeProfitStochRSI": {
          "percentage": 50,
          "low": 11,
          "high": 87,
          "interval": 25,
          "closeRateFactor": 0.9992,
          "candleSize": 60,
          "orderStrategy": "TriggerOrder",
          "pair": "USD_BTG",
          "enableLog": true
        },
        "TriggerOrder": {
          "candleSize": 1,
          "pair": "USD_BTG",
          "enableLog": true
        },
        "TimeStop": {
          "minCandles": 48,
          "trailingStopPerc": 1.5,
          "closePosition": "profit",
          "time": 30,
          "keepTrendOpen": false,
          "low": 25,
          "high": 75,
          "candleSize": 30,
          "pair": "USD_BTG",
          "enableLog": false
        },
        "IntervalExtremes": {
          "tradeDirection": "watch",
          "mode": "bounce",
          "tradeInterval": "halfDay",
          "notifyPriceInterval": "3days",
          "low": 25,
          "high": 75,
          "candleSize": 60,
          "pair": "USD_BTG",
          "tradeStrategy": "RSIScalpOrderer",
          "enableLog": true
        },
        "VolumeSpikeDetector": {
          "spikeFactor": 3,
          "minVolBtc": 1.2,
          "tradeDirection": "notify",
          "candleSize": 10,
          "pair": "USD_BTG",
          "enableLog": false
        },
        "PriceSpikeDetector": {
          "spikePercent": 3.0,
          "tradeDirection": "notify",
          "candleSize": 5,
          "pair": "USD_BTG",
          "enableLog": false
        },
        "VolumeSpikeDetectorLong": {
          "spikeFactor": 2.5,
          "candleSize": 720,
          "pair": "USD_BTG",
          "enableLog": false
        }
      }
    },
    {
      "exchanges": ["Bitfinex"],
      "marginTrading": true,
      "tradeTotalBtc": 120.0,
      "notifyTrades": true,
      "strategies": {
        "PlanRunner": {
          "orders": [
            {
              "action": "buy",
              "comp": "<",
              "position": "none",
              "rate": 0.1,
              "reason": "middle high",
              "indicators": ["RSI"]
            },
            {
              "action": "sell",
              "comp": ">",
              "position": "none",
              "rate": 0.559,
              "reason": "middle high",
              "indicators": ["RSI"]
            }
          ],
          "pair": "USD_SAN",
          "candleSize": 1,
          "tradeStrategy": "RSIScalpOrderer",
          "enableLog": true
        },
        "RSI": {
          "pair": "USD_SAN",
          "candleSize": 15,
          "interval": 5,
          "low": 54,
          "high": 55,
          "enableLog": false
        },
        "RSIScalper": {
          "percentage": 20,
          "low": 25,
          "high": 75,
          "candleSize": 10,
          "pair": "USD_SAN",
          "enableLog": false
        },
        "RSIScalpOrderer": {
          "low": 34,
          "high": 70,
          "expiry": 20,
          "candleSize": 3,
          "pair": "USD_SAN",
          "enableLog": true
        },
        "StopLossTurn": {
          "order": "closeLong",
          "setback": 5.0,
          "setbackLong": 5.5,
          "time": 1800,
          "setbackProfit": 2.7,
          "triggerProfit": 4.3,
          "timeProfit": 120,
          "notifyBeforeStopSec": 1800,
          "reduceTimeByVolatility": false,
          "low": 52,
          "high": 56,
          "candleSize": 5,
          "pair": "USD_SAN",
          "enableLog": false
        },
        "TakeProfitStochRSI": {
          "percentage": 50,
          "low": 11,
          "high": 87,
          "interval": 25,
          "closeRateFactor": 0.9992,
          "candleSize": 60,
          "orderStrategy": "TriggerOrder",
          "pair": "USD_SAN",
          "enableLog": true
        },
        "TriggerOrder": {
          "candleSize": 1,
          "pair": "USD_SAN",
          "enableLog": true
        },
        "TimeStop": {
          "minCandles": 48,
          "trailingStopPerc": 1.5,
          "closePosition": "always",
          "time": 30,
          "keepTrendOpen": false,
          "low": 25,
          "high": 75,
          "candleSize": 30,
          "pair": "USD_SAN",
          "enableLog": false
        },
        "IntervalExtremes": {
          "tradeDirection": "watch",
          "mode": "bounce",
          "tradeInterval": "halfDay",
          "notifyPriceInterval": "3days",
          "low": 25,
          "high": 75,
          "candleSize": 60,
          "pair": "USD_SAN",
          "tradeStrategy": "RSIScalpOrderer",
          "enableLog": true
        },
        "VolumeSpikeDetector": {
          "spikeFactor": 3,
          "minVolBtc": 1.2,
          "tradeDirection": "notify",
          "candleSize": 10,
          "pair": "USD_SAN",
          "enableLog": false
        },
        "PriceSpikeDetector": {
          "spikePercent": 3.5,
          "spikeHistoryPercent": 8.0,
          "historyCandleCount": 3,
          "tradeDirection": "notify",
          "candleSize": 5,
          "pair": "USD_SAN",
          "enableLog": false
        },
        "VolumeSpikeDetectorLong": {
          "spikeFactor": 2.5,
          "candleSize": 720,
          "pair": "USD_SAN",
          "enableLog": false
        }
      }
    },
    {
      "exchanges": ["Bitfinex"],
      "marginTrading": true,
      "tradeTotalBtc": 100.0,
      "notifyTrades": true,
      "strategies": {
        "PlanRunner": {
          "orders": [
            {
              "action": "buy",
              "comp": "<",
              "position": "none",
              "rate": 0.54,
              "reason": "middle high",
              "indicators": ["RSI"]
            },
            {
              "action": "sell",
              "comp": ">",
              "position": "none",
              "rate": 1.4,
              "reason": "middle high",
              "indicators": ["RSI"]
            }
          ],
          "pair": "USD_EDO",
          "candleSize": 1,
          "tradeStrategy": "RSIScalpOrderer",
          "enableLog": true
        },
        "RSI": {
          "pair": "USD_EDO",
          "candleSize": 15,
          "interval": 5,
          "low": 54,
          "high": 55,
          "enableLog": false
        },
        "DirectionFollower": {
          "interval": 14,
          "adxTrend": 20,
          "adxMaxTrend": 32,
          "initialStop": true,
          "accelerationFactor": 0.06,
          "accelerationMax": 0.2,
          "tradeDirection": "watch",
          "candleSize": 240,
          "pair": "USD_EDO",
          "tradeStrategy": "RSIScalpOrderer",
          "fallback": true,
          "enableLog": true
        },
        "IntervalExtremes": {
          "tradeDirection": "watch",
          "mode": "bounce",
          "tradeInterval": "halfDay",
          "notifyPriceInterval": "3days",
          "low": 25,
          "high": 75,
          "candleSize": 60,
          "pair": "USD_EDO",
          "tradeStrategy": "RSIScalpOrderer",
          "enableLog": true
        },
        "RSIScalper": {
          "percentage": 20,
          "low": 25,
          "high": 75,
          "candleSize": 10,
          "pair": "USD_EDO",
          "enableLog": false
        },
        "RSIScalpOrderer": {
          "low": 34,
          "high": 70,
          "expiry": 20,
          "candleSize": 3,
          "pair": "USD_EDO",
          "enableLog": true
        },
        "StopLossTurn": {
          "order": "closeLong",
          "setback": 5.0,
          "setbackLong": 5.5,
          "time": 1800,
          "setbackProfit": 2.7,
          "triggerProfit": 4.3,
          "timeProfit": 120,
          "notifyBeforeStopSec": 1800,
          "reduceTimeByVolatility": false,
          "low": 52,
          "high": 56,
          "candleSize": 5,
          "pair": "USD_EDO",
          "enableLog": false
        },
        "TakeProfitStochRSI": {
          "percentage": 50,
          "low": 11,
          "high": 87,
          "interval": 25,
          "closeRateFactor": 0.9992,
          "candleSize": 60,
          "orderStrategy": "TriggerOrder",
          "pair": "USD_EDO",
          "enableLog": true
        },
        "TriggerOrder": {
          "candleSize": 1,
          "pair": "USD_EDO",
          "enableLog": true
        },
        "TimeStop": {
          "minCandles": 48,
          "trailingStopPerc": 1.5,
          "closePosition": "always",
          "time": 30,
          "keepTrendOpen": false,
          "low": 25,
          "high": 75,
          "candleSize": 30,
          "pair": "USD_EDO",
          "enableLog": false
        },
        "VolumeSpikeDetector": {
          "spikeFactor": 3,
          "minVolBtc": 1.2,
          "tradeDirection": "notify",
          "candleSize": 10,
          "pair": "USD_EDO",
          "enableLog": false
        },
        "PriceSpikeDetector": {
          "spikePercent": 3.5,
          "spikeHistoryPercent": 8.0,
          "historyCandleCount": 3,
          "tradeDirection": "notify",
          "candleSize": 5,
          "pair": "USD_EDO",
          "enableLog": false
        },
        "VolumeSpikeDetectorLong": {
          "spikeFactor": 2.5,
          "candleSize": 720,
          "pair": "USD_EDO",
          "enableLog": false
        }
      }
    },
    {
      "exchanges": ["Bitfinex"],
      "marginTrading": true,
      "tradeTotalBtc": 120.0,
      "notifyTrades": true,
      "strategies": {
        "PlanRunner": {
          "orders": [
            {
              "action": "buy",
              "comp": "<",
              "position": "none",
              "rate": 2.7159,
              "reason": "middle high",
              "indicators": ["RSI"]
            },
            {
              "action": "sell",
              "comp": ">",
              "position": "none",
              "rate": 11.71,
              "reason": "middle high",
              "indicators": ["RSI"]
            }
          ],
          "pair": "USD_ETC",
          "candleSize": 1,
          "tradeStrategy": "RSIScalpOrderer",
          "enableLog": true
        },
        "RSI": {
          "pair": "USD_ETC",
          "candleSize": 15,
          "interval": 5,
          "low": 54,
          "high": 55,
          "enableLog": false
        },
        "DirectionFollower": {
          "interval": 14,
          "adxTrend": 20,
          "adxMaxTrend": 32,
          "initialStop": true,
          "accelerationFactor": 0.06,
          "accelerationMax": 0.2,
          "tradeDirection": "watch",
          "candleSize": 240,
          "pair": "USD_ETC",
          "tradeStrategy": "RSIScalpOrderer",
          "enableLog": true
        },
        "RSIScalper": {
          "percentage": 20,
          "low": 25,
          "high": 75,
          "candleSize": 10,
          "pair": "USD_ETC",
          "enableLog": false
        },
        "RSIScalpOrderer": {
          "low": 34,
          "high": 70,
          "expiry": 20,
          "candleSize": 3,
          "pair": "USD_ETC",
          "enableLog": true
        },
        "StopLossTurn": {
          "order": "closeLong",
          "setback": 5.0,
          "setbackLong": 5.5,
          "time": 1800,
          "closePosition": "profit",
          "setbackProfit": 2.7,
          "triggerProfit": 4.3,
          "timeProfit": 120,
          "notifyBeforeStopSec": 1800,
          "reduceTimeByVolatility": false,
          "low": 52,
          "high": 56,
          "candleSize": 5,
          "pair": "USD_ETC",
          "enableLog": false
        },
        "TakeProfitStochRSI": {
          "percentage": 50,
          "low": 11,
          "high": 87,
          "interval": 25,
          "closeRateFactor": 0.9992,
          "candleSize": 60,
          "orderStrategy": "TriggerOrder",
          "pair": "USD_ETC",
          "enableLog": true
        },
        "TriggerOrder": {
          "candleSize": 1,
          "pair": "USD_ETC",
          "enableLog": true
        },
        "TimeStop": {
          "minCandles": 48,
          "trailingStopPerc": 1.5,
          "closePosition": "profit",
          "time": 30,
          "keepTrendOpen": false,
          "low": 25,
          "high": 75,
          "candleSize": 30,
          "pair": "USD_ETC",
          "enableLog": false
        },
        "IntervalExtremes": {
          "tradeDirection": "watch",
          "mode": "bounce",
          "tradeInterval": "halfDay",
          "notifyPriceInterval": "3days",
          "low": 25,
          "high": 75,
          "candleSize": 60,
          "pair": "USD_ETC",
          "tradeStrategy": "RSIScalpOrderer",
          "enableLog": true
        },
        "VolumeSpikeDetector": {
          "spikeFactor": 3,
          "minVolBtc": 1.2,
          "tradeDirection": "notify",
          "candleSize": 10,
          "pair": "USD_ETC",
          "enableLog": false
        },
        "PriceSpikeDetector": {
          "spikePercent": 3.5,
          "spikeHistoryPercent": 8.0,
          "historyCandleCount": 3,
          "tradeDirection": "notify",
          "candleSize": 5,
          "pair": "USD_ETC",
          "enableLog": false
        },
        "VolumeSpikeDetectorLong": {
          "spikeFactor": 2.5,
          "candleSize": 720,
          "pair": "USD_ETC",
          "enableLog": false
        }
      }
    },
    {
      "exchanges": ["Bitfinex"],
      "marginTrading": true,
      "tradeTotalBtc": 100.0,
      "notifyTrades": true,
      "strategies": {
        "PlanRunner": {
          "orders": [
            {
              "action": "buy",
              "comp": "<",
              "position": "none",
              "rate": 0.33,
              "reason": "middle high",
              "indicators": ["RSI"]
            },
            {
              "action": "sell",
              "comp": ">",
              "position": "none",
              "rate": 3.23,
              "reason": "middle high",
              "indicators": ["RSI"]
            }
          ],
          "pair": "USD_ETP",
          "candleSize": 1,
          "tradeStrategy": "RSIScalpOrderer",
          "enableLog": true
        },
        "RSI": {
          "pair": "USD_ETP",
          "candleSize": 15,
          "interval": 5,
          "low": 54,
          "high": 55,
          "enableLog": false
        },
        "RSIScalper": {
          "percentage": 20,
          "low": 25,
          "high": 75,
          "candleSize": 10,
          "pair": "USD_ETP",
          "enableLog": false
        },
        "RSIScalpOrderer": {
          "low": 34,
          "high": 70,
          "expiry": 20,
          "candleSize": 3,
          "pair": "USD_ETP",
          "enableLog": true
        },
        "StopLossTurn": {
          "order": "closeLong",
          "setback": 5.0,
          "setbackLong": 5.5,
          "time": 1800,
          "closePosition": "profit",
          "setbackProfit": 2.7,
          "triggerProfit": 4.3,
          "timeProfit": 120,
          "notifyBeforeStopSec": 1800,
          "reduceTimeByVolatility": false,
          "low": 52,
          "high": 56,
          "candleSize": 5,
          "pair": "USD_ETP",
          "enableLog": false
        },
        "TakeProfitStochRSI": {
          "percentage": 50,
          "low": 11,
          "high": 87,
          "interval": 25,
          "closeRateFactor": 0.9992,
          "candleSize": 60,
          "orderStrategy": "TriggerOrder",
          "pair": "USD_ETP",
          "enableLog": true
        },
        "TriggerOrder": {
          "candleSize": 1,
          "pair": "USD_ETP",
          "enableLog": true
        },
        "TimeStop": {
          "minCandles": 48,
          "trailingStopPerc": 1.5,
          "closePosition": "profit",
          "time": 30,
          "keepTrendOpen": false,
          "low": 25,
          "high": 75,
          "candleSize": 30,
          "pair": "USD_ETP",
          "enableLog": false
        },
        "IntervalExtremes": {
          "tradeDirection": "watch",
          "mode": "bounce",
          "tradeInterval": "halfDay",
          "notifyPriceInterval": "3days",
          "low": 25,
          "high": 75,
          "candleSize": 60,
          "pair": "USD_ETP",
          "tradeStrategy": "RSIScalpOrderer",
          "enableLog": true
        },
        "VolumeSpikeDetector": {
          "spikeFactor": 3,
          "minVolBtc": 1.2,
          "tradeDirection": "notify",
          "candleSize": 10,
          "pair": "USD_ETP",
          "enableLog": false
        },
        "PriceSpikeDetector": {
          "spikePercent": 3.5,
          "spikeHistoryPercent": 8.0,
          "historyCandleCount": 3,
          "tradeDirection": "notify",
          "candleSize": 5,
          "pair": "USD_ETP",
          "enableLog": false
        },
        "VolumeSpikeDetectorLong": {
          "spikeFactor": 2.5,
          "candleSize": 720,
          "pair": "USD_ETP",
          "enableLog": false
        }
      }
    },
    {
      "exchanges": ["Bitfinex"],
      "marginTrading": true,
      "tradeTotalBtc": 0.01,
      "notifyTrades": true,
      "strategies": {
        "PlanRunner": {
          "orders": [
            {
              "action": "buy",
              "comp": "<",
              "position": "none",
              "rate": 0.02173,
              "reason": "middle high",
              "indicators": ["RSI"]
            },
            {
              "action": "sell",
              "comp": ">",
              "position": "none",
              "rate": 0.059267,
              "reason": "middle high",
              "indicators": ["RSI"]
            }
          ],
          "pair": "BTC_ETH",
          "candleSize": 1,
          "tradeStrategy": "RSIScalpOrderer",
          "enableLog": true
        },
        "RSI": {
          "pair": "BTC_ETH",
          "candleSize": 15,
          "interval": 5,
          "low": 54,
          "high": 55,
          "enableLog": false
        },
        "VolumeProfiler": {
          "interval": 48,
          "volumeRows": 24,
          "valueAreaPercent": 75.0,
          "minVolumeSpike": 1.2,
          "tradeMode": "notify",
          "minVolumeSpikeBreakout": 2.1,
          "pair": "BTC_ETH",
          "candleSize": 60,
          "tradeStrategy": "RSIScalpOrderer",
          "enableLog": false
        },
        "RSIScalpOrderer": {
          "low": 34,
          "high": 70,
          "expiry": 20,
          "candleSize": 1,
          "pair": "BTC_ETH",
          "enableLog": false
        },
        "StopLossTurn": {
          "order": "closeLong",
          "setback": 0.95,
          "setbackLong": 0.95,
          "time": 60,
          "setbackProfit": 0.9,
          "triggerProfit": 1.1,
          "timeProfit": 10,
          "reduceTimeByVolatility": false,
          "low": 52,
          "high": 56,
          "candleSize": 1,
          "pair": "BTC_ETH",
          "enableLog": false
        },
        "TakeProfit": {
          "order": "closeLong",
          "profit": 0.9,
          "time": 10,
          "candleSize": 1,
          "pair": "BTC_ETH",
          "enableLog": false
        },
        "VolumeSpikeDetectorLong": {
          "spikeFactor": 2.5,
          "candleSize": 720,
          "pair": "BTC_ETH",
          "enableLog": false
        }
      }
    },
    {
      "exchanges": ["Bitfinex"],
      "marginTrading": true,
      "tradeTotalBtc": 0.01,
      "notifyTrades": true,
      "strategies": {
        "PlanRunner": {
          "orders": [
            {
              "action": "buy",
              "comp": "<",
              "position": "none",
              "rate": 0.0239,
              "reason": "middle high",
              "indicators": ["RSI"]
            },
            {
              "action": "sell",
              "comp": ">",
              "position": "none",
              "rate": 0.07,
              "reason": "middle high",
              "indicators": ["RSI"]
            }
          ],
          "pair": "BTC_BCH",
          "candleSize": 1,
          "tradeStrategy": "RSIScalpOrderer",
          "enableLog": true
        },
        "RSI": {
          "pair": "BTC_BCH",
          "candleSize": 15,
          "interval": 5,
          "low": 54,
          "high": 55,
          "enableLog": false
        },
        "DirectionFollower": {
          "interval": 14,
          "adxTrend": 20,
          "adxMaxTrend": 32,
          "initialStop": true,
          "accelerationFactor": 0.06,
          "accelerationMax": 0.2,
          "tradeDirection": "watch",
          "candleSize": 240,
          "pair": "BTC_BCH",
          "tradeStrategy": "RSIScalpOrderer",
          "enableLog": true
        },
        "RSIScalper": {
          "percentage": 20,
          "low": 25,
          "high": 75,
          "candleSize": 10,
          "pair": "BTC_BCH",
          "enableLog": false
        },
        "RSIScalpOrderer": {
          "low": 34,
          "high": 70,
          "expiry": 20,
          "candleSize": 3,
          "pair": "BTC_BCH",
          "enableLog": true
        },
        "StopLossTurn": {
          "order": "closeLong",
          "setback": 5.0,
          "setbackLong": 5.5,
          "time": 1800,
          "setbackProfit": 2.7,
          "triggerProfit": 4.3,
          "timeProfit": 120,
          "notifyBeforeStopSec": 1800,
          "reduceTimeByVolatility": false,
          "low": 52,
          "high": 56,
          "candleSize": 5,
          "pair": "BTC_BCH",
          "enableLog": false
        },
        "TakeProfitStochRSI": {
          "percentage": 50,
          "low": 11,
          "high": 87,
          "interval": 25,
          "closeRateFactor": 0.9992,
          "candleSize": 60,
          "orderStrategy": "TriggerOrder",
          "pair": "BTC_BCH",
          "enableLog": true
        },
        "TriggerOrder": {
          "candleSize": 1,
          "pair": "BTC_BCH",
          "enableLog": true
        },
        "TimeStop": {
          "minCandles": 48,
          "trailingStopPerc": 1.5,
          "closePosition": "always",
          "time": 30,
          "keepTrendOpen": false,
          "low": 25,
          "high": 75,
          "candleSize": 30,
          "pair": "BTC_BCH",
          "enableLog": false
        },
        "IntervalExtremes": {
          "tradeDirection": "watch",
          "mode": "bounce",
          "tradeInterval": "halfDay",
          "notifyPriceInterval": "3days",
          "low": 25,
          "high": 75,
          "candleSize": 60,
          "pair": "BTC_BCH",
          "tradeStrategy": "RSIScalpOrderer",
          "enableLog": true
        },
        "VolumeSpikeDetector": {
          "spikeFactor": 3,
          "minVolBtc": 1.2,
          "tradeDirection": "notify",
          "candleSize": 10,
          "pair": "BTC_BCH",
          "enableLog": false
        },
        "PriceSpikeDetector": {
          "spikePercent": 3.5,
          "spikeHistoryPercent": 8.0,
          "historyCandleCount": 3,
          "tradeDirection": "notify",
          "candleSize": 5,
          "pair": "BTC_BCH",
          "enableLog": false
        },
        "VolumeSpikeDetectorLong": {
          "spikeFactor": 2.5,
          "candleSize": 720,
          "pair": "BTC_BCH",
          "enableLog": false
        }
      }
    },
    {
      "exchanges": ["Bitfinex"],
      "marginTrading": true,
      "tradeTotalBtc": 0.01,
      "notifyTrades": true,
      "strategies": {
        "PlanRunner": {
          "orders": [
            {
              "action": "buy",
              "comp": "<",
              "position": "none",
              "rate": 0.007741,
              "reason": "middle high",
              "indicators": ["RSI"]
            },
            {
              "action": "sell",
              "comp": ">",
              "position": "none",
              "rate": 0.009968,
              "reason": "middle high",
              "indicators": ["RSI"]
            }
          ],
          "pair": "BTC_LTC",
          "candleSize": 1,
          "tradeStrategy": "RSIScalpOrderer",
          "enableLog": true
        },
        "RSI": {
          "pair": "BTC_LTC",
          "candleSize": 15,
          "interval": 5,
          "low": 54,
          "high": 55,
          "enableLog": false
        },
        "RSIScalpOrderer": {
          "low": 34,
          "high": 70,
          "expiry": 20,
          "candleSize": 1,
          "pair": "BTC_LTC",
          "enableLog": false
        },
        "StopLossTurn": {
          "order": "closeLong",
          "setback": 0.95,
          "setbackLong": 0.95,
          "time": 60,
          "setbackProfit": 0.9,
          "triggerProfit": 1.1,
          "timeProfit": 10,
          "reduceTimeByVolatility": false,
          "low": 52,
          "high": 56,
          "candleSize": 1,
          "pair": "BTC_LTC",
          "enableLog": false
        },
        "TakeProfit": {
          "order": "closeLong",
          "profit": 0.9,
          "time": 10,
          "candleSize": 1,
          "pair": "BTC_LTC",
          "enableLog": false
        },
        "VolumeSpikeDetectorLong": {
          "spikeFactor": 2.5,
          "candleSize": 720,
          "pair": "BTC_LTC",
          "enableLog": false
        }
      }
    },
    {
      "exchanges": ["Bitfinex"],
      "marginTrading": true,
      "tradeTotalBtc": 0.01,
      "notifyTrades": true,
      "strategies": {
        "PlanRunner": {
          "orders": [
            {
              "action": "buy",
              "comp": "<",
              "position": "none",
              "rate": 0.00094103,
              "reason": "middle high",
              "indicators": [
                "RSI"
              ]
            },
            {
              "action": "sell",
              "comp": ">",
              "position": "none",
              "rate": 0.001563,
              "reason": "middle high",
              "indicators": [
                "RSI"
              ]
            }
          ],
          "pair": "BTC_ETC",
          "candleSize": 1,
          "tradeStrategy": "RSIScalpOrderer",
          "enableLog": true
        },
        "RSI": {
          "pair": "BTC_ETC",
          "candleSize": 15,
          "interval": 5,
          "low": 54,
          "high": 55,
          "enableLog": false
        },
        "RSIScalpOrderer": {
          "low": 34,
          "high": 70,
          "expiry": 20,
          "candleSize": 3,
          "pair": "BTC_ETC",
          "enableLog": true
        },
        "StopLossTurn": {
          "order": "closeLong",
          "setback": 5.0,
          "setbackLong": 5.5,
          "time": 1800,
          "setbackProfit": 2.7,
          "triggerProfit": 4.3,
          "timeProfit": 120,
          "notifyBeforeStopSec": 1800,
          "reduceTimeByVolatility": false,
          "low": 52,
          "high": 56,
          "candleSize": 5,
          "pair": "BTC_ETC",
          "enableLog": false
        },
        "TakeProfitStochRSI": {
          "percentage": 50,
          "low": 11,
          "high": 87,
          "interval": 25,
          "closeRateFactor": 0.9992,
          "candleSize": 60,
          "orderStrategy": "TriggerOrder",
          "pair": "BTC_ETC",
          "enableLog": true
        },
        "TriggerOrder": {
          "candleSize": 1,
          "pair": "BTC_ETC",
          "enableLog": true
        },
        "TimeStop": {
          "minCandles": 48,
          "trailingStopPerc": 1.5,
          "closePosition": "always",
          "time": 30,
          "keepTrendOpen": false,
          "low": 25,
          "high": 75,
          "candleSize": 30,
          "pair": "BTC_ETC",
          "enableLog": false
        }
      }
    },
    {
      "exchanges": ["Bitfinex"],
      "marginTrading": true,
      "tradeTotalBtc": 0.01,
      "notifyTrades": true,
      "strategies": {
        "PlanRunner": {
          "orders": [
            {
              "action": "buy",
              "comp": "<",
              "position": "none",
              "rate": 0.0014,
              "reason": "middle high",
              "indicators": ["RSI"]
            }
          ],
          "pair": "BTC_NEO",
          "candleSize": 1,
          "tradeStrategy": "RSIScalpOrderer",
          "enableLog": true
        },
        "RSI": {
          "pair": "BTC_NEO",
          "candleSize": 15,
          "interval": 5,
          "low": 54,
          "high": 55,
          "enableLog": false
        },
        "RSIScalpOrderer": {
          "low": 34,
          "high": 70,
          "expiry": 20,
          "candleSize": 3,
          "pair": "BTC_NEO",
          "enableLog": true
        },
        "StopLossTurn": {
          "order": "closeLong",
          "setback": 5.0,
          "setbackLong": 5.5,
          "time": 1800,
          "setbackProfit": 2.7,
          "triggerProfit": 4.3,
          "timeProfit": 120,
          "notifyBeforeStopSec": 1800,
          "reduceTimeByVolatility": false,
          "low": 52,
          "high": 56,
          "candleSize": 5,
          "pair": "BTC_NEO",
          "enableLog": false
        },
        "TakeProfitStochRSI": {
          "percentage": 50,
          "low": 11,
          "high": 87,
          "interval": 25,
          "closeRateFactor": 0.9992,
          "candleSize": 60,
          "orderStrategy": "TriggerOrder",
          "pair": "BTC_NEO",
          "enableLog": true
        },
        "TriggerOrder": {
          "candleSize": 1,
          "pair": "BTC_NEO",
          "enableLog": true
        },
        "TimeStop": {
          "minCandles": 48,
          "trailingStopPerc": 1.5,
          "closePosition": "always",
          "time": 30,
          "keepTrendOpen": false,
          "low": 25,
          "high": 75,
          "candleSize": 30,
          "pair": "BTC_NEO",
          "enableLog": false
        }
      }
    },
    {
      "exchanges": ["Bitfinex"],
      "marginTrading": true,
      "tradeTotalBtc": 0.01,
      "notifyTrades": true,
      "strategies": {
        "PlanRunner": {
          "orders": [
            {
              "action": "buy",
              "comp": "<",
              "position": "none",
              "rate": 0.0000581,
              "reason": "middle high",
              "indicators": ["RSI"]
            },
            {
              "action": "sell",
              "comp": ">",
              "position": "none",
              "rate": 0.0001151,
              "reason": "middle high",
              "indicators": ["RSI"]
            }
          ],
          "pair": "BTC_IOTA",
          "candleSize": 1,
          "tradeStrategy": "RSIScalpOrderer",
          "enableLog": true
        },
        "RSI": {
          "pair": "BTC_IOTA",
          "candleSize": 15,
          "interval": 5,
          "low": 54,
          "high": 55,
          "enableLog": false
        },
        "RSIScalpOrderer": {
          "low": 34,
          "high": 70,
          "expiry": 20,
          "candleSize": 3,
          "pair": "BTC_IOTA",
          "enableLog": true
        },
        "StopLossTurn": {
          "order": "closeLong",
          "setback": 5.0,
          "setbackLong": 5.5,
          "time": 1800,
          "setbackProfit": 2.7,
          "triggerProfit": 4.3,
          "timeProfit": 120,
          "notifyBeforeStopSec": 1800,
          "reduceTimeByVolatility": false,
          "low": 52,
          "high": 56,
          "candleSize": 5,
          "pair": "BTC_IOTA",
          "enableLog": false
        },
        "TakeProfitStochRSI": {
          "percentage": 50,
          "low": 11,
          "high": 87,
          "interval": 25,
          "closeRateFactor": 0.9992,
          "candleSize": 60,
          "orderStrategy": "TriggerOrder",
          "pair": "BTC_IOTA",
          "enableLog": true
        },
        "TriggerOrder": {
          "candleSize": 1,
          "pair": "BTC_IOTA",
          "enableLog": true
        },
        "TimeStop": {
          "minCandles": 48,
          "trailingStopPerc": 1.5,
          "closePosition": "always",
          "time": 30,
          "keepTrendOpen": false,
          "low": 25,
          "high": 75,
          "candleSize": 30,
          "pair": "BTC_IOTA",
          "enableLog": false
        }
      }
    },
    {
      "exchanges": ["Bitfinex"],
      "marginTrading": true,
      "tradeTotalBtc": 0.01,
      "notifyTrades": true,
      "strategies": {
        "PlanRunner": {
          "orders": [
            {
              "action": "buy",
              "comp": "<",
              "position": "none",
              "rate": 0.0005682,
              "reason": "middle high",
              "indicators": ["RSI"]
            }
          ],
          "pair": "BTC_EOS",
          "candleSize": 1,
          "tradeStrategy": "RSIScalpOrderer",
          "enableLog": true
        },
        "RSI": {
          "pair": "BTC_EOS",
          "candleSize": 15,
          "interval": 5,
          "low": 54,
          "high": 55,
          "enableLog": false
        },
        "RSIScalpOrderer": {
          "low": 34,
          "high": 70,
          "expiry": 20,
          "candleSize": 3,
          "pair": "BTC_EOS",
          "enableLog": true
        },
        "StopLossTurn": {
          "order": "closeLong",
          "setback": 5.0,
          "setbackLong": 5.5,
          "time": 1800,
          "setbackProfit": 2.7,
          "triggerProfit": 4.3,
          "timeProfit": 120,
          "notifyBeforeStopSec": 1800,
          "reduceTimeByVolatility": false,
          "low": 52,
          "high": 56,
          "candleSize": 5,
          "pair": "BTC_EOS",
          "enableLog": false
        },
        "TakeProfitStochRSI": {
          "percentage": 50,
          "low": 11,
          "high": 87,
          "interval": 25,
          "closeRateFactor": 0.9992,
          "candleSize": 60,
          "orderStrategy": "TriggerOrder",
          "pair": "BTC_EOS",
          "enableLog": true
        },
        "TriggerOrder": {
          "candleSize": 1,
          "pair": "BTC_EOS",
          "enableLog": true
        },
        "TimeStop": {
          "minCandles": 48,
          "trailingStopPerc": 1.5,
          "closePosition": "always",
          "time": 30,
          "keepTrendOpen": false,
          "low": 25,
          "high": 75,
          "candleSize": 30,
          "pair": "BTC_EOS",
          "enableLog": false
        }
      }
    },
    {
      "exchanges": ["Bitfinex"],
      "marginTrading": true,
      "tradeTotalBtc": 0.0,
      "notifyTrades": true,
      "strategies": {
        "PlanRunner": {
          "orders": [
            {
              "action": "buy",
              "comp": "<",
              "position": "none",
              "rate": 0.0000404,
              "reason": "middle high",
              "indicators": ["RSI"]
            },
            {
              "action": "sell",
              "comp": ">",
              "position": "none",
              "rate": 0.0000889,
              "reason": "middle high",
              "indicators": ["RSI"]
            }
          ],
          "pair": "BTC_XRP",
          "candleSize": 1,
          "tradeStrategy": "RSIScalpOrderer",
          "enableLog": true
        },
        "RSI": {
          "pair": "BTC_XRP",
          "candleSize": 15,
          "interval": 5,
          "low": 54,
          "high": 55,
          "enableLog": false
        },
        "RSIScalpOrderer": {
          "low": 34,
          "high": 70,
          "expiry": 20,
          "candleSize": 3,
          "pair": "BTC_XRP",
          "enableLog": true
        },
        "StopLossTurn": {
          "order": "closeLong",
          "setback": 5.0,
          "setbackLong": 5.5,
          "time": 1800,
          "closePosition": "profit",
          "setbackProfit": 2.7,
          "triggerProfit": 4.3,
          "timeProfit": 120,
          "notifyBeforeStopSec": 1800,
          "reduceTimeByVolatility": false,
          "low": 52,
          "high": 56,
          "candleSize": 5,
          "pair": "BTC_XRP",
          "enableLog": false
        },
        "TakeProfitStochRSI": {
          "percentage": 50,
          "low": 11,
          "high": 87,
          "interval": 25,
          "closeRateFactor": 0.9992,
          "candleSize": 60,
          "orderStrategy": "TriggerOrder",
          "pair": "BTC_XRP",
          "enableLog": true
        },
        "TriggerOrder": {
          "candleSize": 1,
          "pair": "BTC_XRP",
          "enableLog": true
        },
        "TimeStop": {
          "minCandles": 48,
          "trailingStopPerc": 1.5,
          "closePosition": "profit",
          "time": 30,
          "keepTrendOpen": false,
          "low": 25,
          "high": 75,
          "candleSize": 30,
          "pair": "BTC_XRP",
          "enableLog": false
        }
      }
    },
    {
      "exchanges": ["Bitfinex"],
      "marginTrading": true,
      "tradeTotalBtc": 0.01,
      "notifyTrades": true,
      "strategies": {
        "PlanRunner": {
          "orders": [
            {
              "action": "buy",
              "comp": "<",
              "position": "none",
              "rate": 0.009663,
              "reason": "middle high",
              "indicators": ["RSI"]
            },
            {
              "action": "sell",
              "comp": ">",
              "position": "none",
              "rate": 0.01855,
              "reason": "middle high",
              "indicators": ["RSI"]
            }
          ],
          "pair": "BTC_XMR",
          "candleSize": 1,
          "tradeStrategy": "RSIScalpOrderer",
          "enableLog": true
        },
        "RSI": {
          "pair": "BTC_XMR",
          "candleSize": 15,
          "interval": 5,
          "low": 54,
          "high": 55,
          "enableLog": false
        },
        "RSIScalpOrderer": {
          "low": 34,
          "high": 70,
          "expiry": 20,
          "candleSize": 1,
          "pair": "BTC_XMR",
          "enableLog": false
        },
        "StopLossTurn": {
          "order": "closeLong",
          "setback": 0.95,
          "setbackLong": 0.95,
          "time": 60,
          "setbackProfit": 0.9,
          "triggerProfit": 1.1,
          "timeProfit": 10,
          "reduceTimeByVolatility": false,
          "low": 52,
          "high": 56,
          "candleSize": 1,
          "pair": "BTC_XMR",
          "enableLog": false
        },
        "TakeProfit": {
          "order": "closeLong",
          "profit": 0.9,
          "time": 10,
          "candleSize": 1,
          "pair": "BTC_XMR",
          "enableLog": false
        }
      }
    },
    {
      "exchanges": ["Bitfinex"],
      "marginTrading": true,
      "tradeTotalBtc": 0.01,
      "notifyTrades": true,
      "strategies": {
        "PlanRunner": {
          "orders": [
            {
              "action": "buy",
              "comp": "<",
              "position": "none",
              "rate": 0.0099,
              "reason": "middle high",
              "indicators": ["RSI"]
            },
            {
              "action": "sell",
              "comp": ">",
              "position": "none",
              "rate": 0.02201,
              "reason": "middle high",
              "indicators": ["RSI"]
            }
          ],
          "pair": "BTC_ZEC",
          "candleSize": 1,
          "tradeStrategy": "RSIScalpOrderer",
          "enableLog": true
        },
        "RSI": {
          "pair": "BTC_ZEC",
          "candleSize": 15,
          "interval": 5,
          "low": 54,
          "high": 55,
          "enableLog": false
        },
        "RSIScalpOrderer": {
          "low": 34,
          "high": 70,
          "expiry": 20,
          "candleSize": 3,
          "pair": "BTC_ZEC",
          "enableLog": true
        },
        "StopLossTurn": {
          "order": "closeLong",
          "setback": 5.0,
          "setbackLong": 5.5,
          "time": 1800,
          "setbackProfit": 2.7,
          "triggerProfit": 4.3,
          "timeProfit": 120,
          "notifyBeforeStopSec": 1800,
          "reduceTimeByVolatility": false,
          "low": 52,
          "high": 56,
          "candleSize": 5,
          "pair": "BTC_ZEC",
          "enableLog": false
        },
        "TakeProfitStochRSI": {
          "percentage": 50,
          "low": 11,
          "high": 87,
          "interval": 25,
          "closeRateFactor": 0.9992,
          "candleSize": 60,
          "orderStrategy": "TriggerOrder",
          "pair": "BTC_ZEC",
          "enableLog": true
        },
        "TriggerOrder": {
          "candleSize": 1,
          "pair": "BTC_ZEC",
          "enableLog": true
        },
        "TimeStop": {
          "minCandles": 48,
          "trailingStopPerc": 1.5,
          "closePosition": "always",
          "time": 30,
          "keepTrendOpen": false,
          "low": 25,
          "high": 75,
          "candleSize": 30,
          "pair": "BTC_ZEC",
          "enableLog": false
        }
      }
    }
  ]
}