{
  "data": [
    {
      "exchanges": "Poloniex",
      "marginTrading": true,
      "tradeTotalBtc": 0.7,
      "warmUpMin": 0,
      "strategies": {
        "ExampleStrategy": {
          "interval": 35,
          "mySettingSwitch": true,
          "pair": "BTC_ETH",
          "candleSize": 60,
          "enableLog": true
        },
        "StopLossTurn": {
          "order": "closeLong",
          "setback": 3.0,
          "setbackLong": 4.5,
          "time": 7200,
          "reduceTimeByVolatility": false,
          "low": 52,
          "high": 56,
          "candleSize": 6,
          "pair": "BTC_ETH",
          "enableLog": false
        }
      }
    }
  ]
}