{
    "data": [
        {
            "exchanges": [
                "BitMEX"
            ],
            "marginTrading": true,
            "tradeTotalBtc": 500,
            "warmUpMin": 0,
            "strategies": {
                "FishingNet": {
                    "fishingMode": "trend",
                    "percentage": 15,
                    "maxPosIncreases": 7,
                    "tradingAmountIncreaseFactor": 1.1,
                    "profitPercent": 4.1,
                    "interval": 24,
                    "volumeRows": 24,
                    "valueAreaPercent": 60,
                    "minVolumeSpike": 1.1,
                    "minVolumeSpikePosInc": 0.9,
                    "closePosition": "profit",
                    "trailingStopPerc": 0.5,
                    "time": 30,
                    "trendIndicator": "EMA",
                    "short": 10,
                    "long": 16,
                    "signal": 9,
                    "bollingerBandProtection": true,
                    "N": 20,
                    "K": 2,
                    "MAType": 0,
                    "feed": "BitmexMarketData",
                    "currencyPairs": [
                        "USD_BTC"
                    ],
                    "supportLines": [],
                    "resistanceLines": [],
                    "expirationPercent": 3,
                    "pair": "USD_BTC",
                    "candleSize": 30,
                    "tradeStrategy": "RSIScalpOrderer",
                    "enableLog": true
                },
                "RSIScalpOrderer": {
                    "low": 34,
                    "high": 70,
                    "expiry": 60,
                    "candleSize": 5,
                    "pair": "USD_BTC",
                    "enableLog": true
                },
                "StopLossTurn": {
                    "order": "closeLong",
                    "stop": 0,
                    "stopLong": 0,
                    "setback": 5.5,
                    "setbackLong": 5.5,
                    "time": 300,
                    "updateTrailingStop": false,
                    "setbackProfit": 4.1,
                    "triggerProfit": 6.5,
                    "timeProfit": 120,
                    "notifyBeforeStopSec": 120,
                    "stopPriceType": "avg",
                    "reduceTimeByVolatility": false,
                    "low": 20,
                    "high": 80,
                    "candleSize": 5,
                    "pair": "USD_BTC",
                    "enableLog": false
                },
                "TakeProfit": {
                    "order": "closeLong",
                    "profit": 5.2,
                    "time": 360,
                    "candleSize": 5,
                    "pair": "USD_BTC",
                    "enableLog": false
                }
            }
        }
    ]
}