{
  "data": [
    {
      "exchanges": [
        "OKEX"
      ],
      "marginTrading": true,
      "tradeTotalBtc": 20.0,
      "warmUpMin": 0,
      "strategies": {
        "FishingNet": {
          "fishingMode": "trend",
          "percentage": 15,
          "maxPosIncreases": 7,
          "tradingAmountIncreaseFactor": 1.1,
          "profitPercent": 4.1,
          "interval": 24,
          "volumeRows": 24,
          "valueAreaPercent": 60,
          "minVolumeSpike": 1.1,
          "minVolumeSpikePosInc": 0.9,
          "closePosition": "profit",
          "trailingStopPerc": 0.5,
          "time": 30,
          "trendIndicator": "EMA",
          "short": 10,
          "long": 16,
          "signal": 9,
          "feed": "BitmexMarketData",
          "currencyPairs": [
            "USD_BTC"
          ],
          "supportLines": [],
          "resistanceLines": [],
          "expirationPercent": 3,
          "pair": "USD_BTC",
          "candleSize": 60,
          "tradeStrategy": "RSIScalpOrderer",
          "enableLog": true
        },
        "RSIScalpOrderer": {
          "low": 34,
          "high": 70,
          "expiry": 20,
          "candleSize": 1,
          "pair": "USD_BTC",
          "enableLog": true
        },
        "StopLossTurn": {
          "order": "closeLong",
          "setback": 3,
          "setbackLong": 3,
          "time": 30,
          "updateTrailingStop": false,
          "closePosition": "always",
          "reduceTimeByVolatility": false,
          "keepTrendOpen": false,
          "notifyBeforeStopSec": 120,
          "stopPriceType": "avg",
          "low": 40,
          "high": 65,
          "candleSize": 5,
          "pair": "USD_BTC",
          "enableLog": false
        }
      }
    }
  ]
}
