{
  "data": [
    {
      "exchanges": "Bitfinex",
      "marginTrading": true,
      "tradeTotalBtc": 0.7,
      "warmUpMin": 0,
      "strategies": {
        "IndicatorDivergence": {
          "divergenceIndicator": "RSI",
          "interval": 14,
          "divergenceHistory": 32,
          "percentIndicatorTolerance": -1.5,
          "minVolumeSpike": 1.2,
          "maxGoLongPrice": 0.0,
          "minGoShortPrice": 0.0,
          "pair": "USD_BTC",
          "candleSize": 60,
          "tradeStrategy": "RSIScalpOrderer",
          "enableLog": true
        },
        "RSIScalpOrderer": {
          "low": 34,
          "high": 70,
          "expiry": 20,
          "candleSize": 5,
          "pair": "USD_BTC",
          "enableLog": false
        },
        "StopLossTurn": {
          "order": "closeLong",
          "setback": 1.5,
          "setbackLong": 1.5,
          "time": 300,
          "reduceTimeByVolatility": false,
          "low": 52,
          "high": 56,
          "candleSize": 5,
          "pair": "USD_BTC",
          "enableLog": false
        },
        "TimeStop": {
          "minCandles": 48,
          "trailingStopPerc": 1.1,
          "closePosition": "always",
          "time": 30,
          "keepTrendOpen": false,
          "low": 25,
          "high": 75,
          "candleSize": 30,
          "pair": "USD_BTC",
          "enableLog": false
        },
        "TakeProfit": {
          "order": "closeLong",
          "profit": 1.8,
          "time": 300,
          "candleSize": 5,
          "pair": "USD_BTC",
          "enableLog": false
        }
      }
    }
  ]
}