{
    "data": [
        {
            "exchanges": [
                "Bitfinex"
            ],
            "marginTrading": true,
            "tradeTotalBtc": 200.0,
            "warmUpMin": 0,
            "strategies": {
                "IntervalExtremes": {
                    "tradeDirection": "both",
                    "mode": "bounce",
                    "tradeInterval": "halfDay",
                    "notifyPriceInterval": "3days",
                    "low": 25,
                    "high": 75,
                    "candleSize": 60,
                    "pair": "USD_BTC",
                    "tradeStrategy": "RSIScalpOrderer",
                    "enableLog": true
                },
                "RSIScalpOrderer": {
                    "low": 34,
                    "high": 70,
                    "expiry": 20,
                    "candleSize": 5,
                    "pair": "USD_BTC",
                    "enableLog": true
                },
                "StopLossTurn": {
                    "order": "closeLong",
                    "setback": 3,
                    "setbackLong": 4.5,
                    "time": 7200,
                    "reduceTimeByVolatility": false,
                    "low": 52,
                    "high": 56,
                    "candleSize": 6,
                    "pair": "USD_BTC",
                    "enableLog": false
                },
                "TakeProfit": {
                    "order": "closeLong",
                    "profit": 5.2,
                    "time": 3600,
                    "candleSize": 6,
                    "pair": "USD_BTC",
                    "enableLog": false
                }
            }
        }
    ]
}