{
    "data": [
        {
            "exchanges": [
                "Bitfinex"
            ],
            "marginTrading": true,
            "tradeTotalBtc": 200,
            "warmUpMin": 0,
            "strategies": {
                "PivotSniper": {
                    "type": "standard",
                    "interval": 15,
                    "supportLevel": 2,
                    "resistanceLevel": 2,
                    "minVolumeSpike": 1.1,
                    "confirmationIndicator": "",
                    "low": 50,
                    "high": 50,
                    "maxGoLongPrice": 0,
                    "minGoShortPrice": 0,
                    "pair": "USD_BTC",
                    "candleSize": 60,
                    "tradeStrategy": "RSIScalpOrderer",
                    "enableLog": true
                },
                "RSIScalpOrderer": {
                    "low": 34,
                    "high": 70,
                    "expiry": 20,
                    "candleSize": 5,
                    "pair": "USD_BTC",
                    "enableLog": true
                },
                "StopLossTurn": {
                    "order": "closeLong",
                    "setback": 3,
                    "setbackLong": 4.5,
                    "time": 7200,
                    "reduceTimeByVolatility": false,
                    "low": 52,
                    "high": 56,
                    "candleSize": 6,
                    "pair": "USD_BTC",
                    "enableLog": false
                },
                "TakeProfit": {
                    "order": "closeLong",
                    "profit": 5.2,
                    "time": 3600,
                    "candleSize": 6,
                    "pair": "USD_BTC",
                    "enableLog": false
                }
            }
        }
    ]
}