{
  "data": [
    {
      "exchanges": ["Bitfinex"],
      "marginTrading": true,
      "tradeTotalBtc": 200.0,
      "notifyTrades": true,
      "strategies": {
        "PlanRunner": {
          "orders": [
            {
              "action": "buy",
              "comp": "<",
              "position": "none",
              "rate": 6790.9,
              "reason": "middle high",
              "indicators": ["RSI"]
            },
            {
              "action": "sell",
              "comp": ">",
              "position": "none",
              "rate": 7740.9,
              "reason": "middle high",
              "indicators": ["RSI"]
            }
          ],
          "pair": "USD_BTC",
          "candleSize": 1,
          "tradeStrategy": "RSIScalpOrderer",
          "enableLog": true
        },
        "RSI": {
          "pair": "USD_BTC",
          "candleSize": 15,
          "interval": 5,
          "low": 54,
          "high": 55,
          "enableLog": false
        },
        "RSIScalper": {
          "percentage": 50,
          "low": 25,
          "high": 75,
          "candleSize": 10,
          "pair": "USD_BTC",
          "enableLog": false
        },
        "RSIScalpOrderer": {
          "low": 34,
          "high": 70,
          "expiry": 20,
          "candleSize": 5,
          "pair": "USD_BTC",
          "enableLog": true
        },
        "StopLossTurn": {
          "order": "closeLong",
          "setback": 5.0,
          "setbackLong": 5.5,
          "time": 7200,
          "setbackProfit": 2.7,
          "triggerProfit": 4.3,
          "timeProfit": 120,
          "notifyBeforeStopSec": 1800,
          "reduceTimeByVolatility": false,
          "low": 52,
          "high": 56,
          "candleSize": 5,
          "pair": "USD_BTC",
          "enableLog": false
        },
        "TakeProfitStochRSI": {
          "percentage": 50,
          "low": 11,
          "high": 87,
          "interval": 25,
          "closeRateFactor": 0.9992,
          "candleSize": 60,
          "orderStrategy": "TriggerOrder",
          "pair": "USD_BTC",
          "enableLog": true
        },
        "TriggerOrder": {
          "candleSize": 1,
          "pair": "USD_BTC",
          "enableLog": true
        },
        "TimeStop": {
          "minCandles": 48,
          "trailingStopPerc": 0.5,
          "closePosition": "always",
          "time": 30,
          "keepTrendOpen": false,
          "low": 25,
          "high": 75,
          "candleSize": 30,
          "pair": "USD_BTC",
          "enableLog": false
        }
      }
    },
    {
      "exchanges": ["Bitfinex"],
      "marginTrading": true,
      "tradeTotalBtc": 200.0,
      "notifyTrades": true,
      "strategies": {
        "PlanRunner": {
          "orders": [
            {
              "action": "buy",
              "comp": "<",
              "position": "none",
              "rate": 84.1,
              "reason": "middle high",
              "indicators": ["RSI"]
            },
            {
              "action": "sell",
              "comp": ">",
              "position": "none",
                "rate": 98.6,
              "reason": "middle high",
              "indicators": ["RSI"]
            }
          ],
          "pair": "USD_LTC",
          "candleSize": 1,
          "tradeStrategy": "RSIScalpOrderer",
          "enableLog": true
        },
        "RSI": {
          "pair": "USD_LTC",
          "candleSize": 15,
          "interval": 5,
          "low": 54,
          "high": 55,
          "enableLog": false
        },
        "RSIScalper": {
          "percentage": 50,
          "low": 25,
          "high": 75,
          "candleSize": 10,
          "pair": "USD_LTC",
          "enableLog": false
        },
        "RSIScalpOrderer": {
          "low": 34,
          "high": 70,
          "expiry": 20,
          "candleSize": 5,
          "pair": "USD_LTC",
          "enableLog": true
        },
        "StopLossTurn": {
          "order": "closeLong",
          "setback": 5.0,
          "setbackLong": 5.5,
          "time": 7200,
          "setbackProfit": 2.7,
          "triggerProfit": 4.3,
          "timeProfit": 120,
          "notifyBeforeStopSec": 1800,
          "reduceTimeByVolatility": false,
          "low": 52,
          "high": 56,
          "candleSize": 5,
          "pair": "USD_LTC",
          "enableLog": false
        },
        "TakeProfitStochRSI": {
          "percentage": 50,
          "low": 11,
          "high": 87,
          "interval": 25,
          "closeRateFactor": 0.9992,
          "candleSize": 60,
          "orderStrategy": "TriggerOrder",
          "pair": "USD_LTC",
          "enableLog": true
        },
        "TriggerOrder": {
          "candleSize": 1,
          "pair": "USD_LTC",
          "enableLog": true
        }
      }
    },
    {
      "exchanges": ["Bitfinex"],
      "marginTrading": true,
      "tradeTotalBtc": 150.0,
      "notifyTrades": true,
      "strategies": {
        "PlanRunner": {
          "orders": [
            {
              "action": "buy",
              "comp": "<",
              "position": "none",
              "rate": 450.9,
              "reason": "middle high",
              "indicators": ["RSI"]
            },
            {
              "action": "sell",
              "comp": ">",
              "position": "none",
              "rate": 598.9,
              "reason": "middle high",
              "indicators": ["RSI"]
            }
          ],
          "pair": "USD_ETH",
          "candleSize": 1,
          "tradeStrategy": "RSIScalpOrderer",
          "enableLog": true
        },
        "RSI": {
          "pair": "USD_ETH",
          "candleSize": 15,
          "interval": 5,
          "low": 54,
          "high": 55,
          "enableLog": false
        },
        "RSIScalper": {
          "percentage": 50,
          "low": 25,
          "high": 75,
          "candleSize": 10,
          "pair": "USD_ETH",
          "enableLog": false
        },
        "RSIScalpOrderer": {
          "low": 34,
          "high": 70,
          "expiry": 20,
          "candleSize": 5,
          "pair": "USD_ETH",
          "enableLog": true
        },
        "StopLossTurn": {
          "order": "closeLong",
          "setback": 5.0,
          "setbackLong": 5.5,
          "time": 7200,
          "setbackProfit": 2.7,
          "triggerProfit": 4.3,
          "timeProfit": 120,
          "notifyBeforeStopSec": 1800,
          "reduceTimeByVolatility": false,
          "low": 52,
          "high": 56,
          "candleSize": 5,
          "pair": "USD_ETH",
          "enableLog": false
        },
        "TakeProfitStochRSI": {
          "percentage": 50,
          "low": 11,
          "high": 87,
          "interval": 25,
          "closeRateFactor": 0.9992,
          "candleSize": 60,
          "orderStrategy": "TriggerOrder",
          "pair": "USD_ETH",
          "enableLog": true
        },
        "TriggerOrder": {
          "candleSize": 1,
          "pair": "USD_ETH",
          "enableLog": true
        },
        "TimeStop": {
          "minCandles": 48,
          "trailingStopPerc": 0.5,
          "closePosition": "always",
          "time": 30,
          "keepTrendOpen": false,
          "low": 25,
          "high": 75,
          "candleSize": 30,
          "pair": "USD_ETH",
          "enableLog": false
        }
      }
    },
    {
      "exchanges": ["Bitfinex"],
      "marginTrading": true,
      "tradeTotalBtc": 120.0,
      "notifyTrades": true,
      "strategies": {
        "PlanRunner": {
          "orders": [
            {
              "action": "buy",
              "comp": "<",
              "position": "none",
              "rate": 115.9,
              "reason": "middle high",
              "indicators": ["RSI"]
            },
            {
              "action": "sell",
              "comp": ">",
              "position": "none",
              "rate": 158.19,
              "reason": "middle high",
              "indicators": ["RSI"]
            }
          ],
          "pair": "USD_XMR",
          "candleSize": 1,
          "tradeStrategy": "RSIScalpOrderer",
          "enableLog": true
        },
        "RSI": {
          "pair": "USD_XMR",
          "candleSize": 15,
          "interval": 5,
          "low": 54,
          "high": 55,
          "enableLog": false
        },
        "RSIScalper": {
          "percentage": 50,
          "low": 25,
          "high": 75,
          "candleSize": 10,
          "pair": "USD_XMR",
          "enableLog": false
        },
        "RSIScalpOrderer": {
          "low": 34,
          "high": 70,
          "expiry": 20,
          "candleSize": 5,
          "pair": "USD_XMR",
          "enableLog": true
        },
        "StopLossTurn": {
          "order": "closeLong",
          "setback": 5.0,
          "setbackLong": 5.5,
          "time": 7200,
          "setbackProfit": 2.7,
          "triggerProfit": 4.3,
          "timeProfit": 120,
          "notifyBeforeStopSec": 1800,
          "reduceTimeByVolatility": false,
          "low": 52,
          "high": 56,
          "candleSize": 5,
          "pair": "USD_XMR",
          "enableLog": false
        },
        "TakeProfitStochRSI": {
          "percentage": 50,
          "low": 11,
          "high": 87,
          "interval": 25,
          "closeRateFactor": 0.9992,
          "candleSize": 60,
          "orderStrategy": "TriggerOrder",
          "pair": "USD_XMR",
          "enableLog": true
        },
        "TriggerOrder": {
          "candleSize": 1,
          "pair": "USD_XMR",
          "enableLog": true
        }
      }
    },
    {
      "exchanges": ["Bitfinex"],
      "marginTrading": true,
      "tradeTotalBtc": 120.0,
      "notifyTrades": true,
      "strategies": {
        "PlanRunner": {
          "orders": [
            {
              "action": "buy",
              "comp": "<",
              "position": "none",
              "rate": 240.9,
              "reason": "middle high",
              "indicators": ["RSI"]
            },
            {
              "action": "sell",
              "comp": ">",
              "position": "none",
              "rate": 305.1,
              "reason": "middle high",
              "indicators": ["RSI"]
            }
          ],
          "pair": "USD_DASH",
          "candleSize": 1,
          "tradeStrategy": "RSIScalpOrderer",
          "enableLog": true
        },
        "RSI": {
          "pair": "USD_DASH",
          "candleSize": 15,
          "interval": 5,
          "low": 54,
          "high": 55,
          "enableLog": false
        },
        "RSIScalper": {
          "percentage": 50,
          "low": 25,
          "high": 75,
          "candleSize": 10,
          "pair": "USD_DASH",
          "enableLog": false
        },
        "RSIScalpOrderer": {
          "low": 34,
          "high": 70,
          "expiry": 20,
          "candleSize": 5,
          "pair": "USD_DASH",
          "enableLog": true
        },
        "StopLossTurn": {
          "order": "closeLong",
          "setback": 5.0,
          "setbackLong": 5.5,
          "time": 7200,
          "setbackProfit": 2.7,
          "triggerProfit": 4.3,
          "timeProfit": 120,
          "notifyBeforeStopSec": 1800,
          "reduceTimeByVolatility": false,
          "low": 52,
          "high": 56,
          "candleSize": 5,
          "pair": "USD_DASH",
          "enableLog": false
        },
        "TakeProfitStochRSI": {
          "percentage": 50,
          "low": 11,
          "high": 87,
          "interval": 25,
          "closeRateFactor": 0.9992,
          "candleSize": 60,
          "orderStrategy": "TriggerOrder",
          "pair": "USD_DASH",
          "enableLog": true
        },
        "TriggerOrder": {
          "candleSize": 1,
          "pair": "USD_DASH",
          "enableLog": true
        }
      }
    },
    {
      "exchanges": ["Bitfinex"],
      "marginTrading": true,
      "tradeTotalBtc": 120.0,
      "notifyTrades": true,
      "strategies": {
        "PlanRunner": {
          "orders": [
            {
              "action": "buy",
              "comp": "<",
              "position": "none",
              "rate": 1.03,
              "reason": "middle high",
              "indicators": ["RSI"]
            }
          ],
          "pair": "USD_IOTA",
          "candleSize": 1,
          "tradeStrategy": "RSIScalpOrderer",
          "enableLog": true
        },
        "RSI": {
          "pair": "USD_IOTA",
          "candleSize": 15,
          "interval": 5,
          "low": 54,
          "high": 55,
          "enableLog": false
        },
        "RSIScalper": {
          "percentage": 50,
          "low": 25,
          "high": 75,
          "candleSize": 10,
          "pair": "USD_IOTA",
          "enableLog": false
        },
        "RSIScalpOrderer": {
          "low": 34,
          "high": 70,
          "expiry": 20,
          "candleSize": 5,
          "pair": "USD_IOTA",
          "enableLog": true
        },
        "StopLossTurn": {
          "order": "closeLong",
          "setback": 5.0,
          "setbackLong": 5.5,
          "time": 7200,
          "setbackProfit": 2.7,
          "triggerProfit": 4.3,
          "timeProfit": 120,
          "notifyBeforeStopSec": 1800,
          "reduceTimeByVolatility": false,
          "low": 52,
          "high": 56,
          "candleSize": 5,
          "pair": "USD_IOTA",
          "enableLog": false
        },
        "TakeProfitStochRSI": {
          "percentage": 50,
          "low": 11,
          "high": 87,
          "interval": 25,
          "closeRateFactor": 0.9992,
          "candleSize": 60,
          "orderStrategy": "TriggerOrder",
          "pair": "USD_IOTA",
          "enableLog": true
        },
        "TriggerOrder": {
          "candleSize": 1,
          "pair": "USD_IOTA",
          "enableLog": true
        }
      }
    },
    {
      "exchanges": ["Bitfinex"],
      "marginTrading": true,
      "tradeTotalBtc": 150.0,
      "notifyTrades": true,
      "strategies": {
        "PlanRunner": {
          "orders": [
            {
              "action": "buy",
              "comp": "<",
              "position": "none",
              "rate": 190.9,
              "reason": "middle high",
              "indicators": ["RSI"]
            },
            {
              "action": "sell",
              "comp": ">",
              "position": "none",
              "rate": 227.9,
              "reason": "middle high",
              "indicators": [
                "RSI"
              ]
            }
          ],
          "pair": "USD_ZEC",
          "candleSize": 1,
          "tradeStrategy": "RSIScalpOrderer",
          "enableLog": true
        },
        "RSI": {
          "pair": "USD_ZEC",
          "candleSize": 15,
          "interval":5,
          "low": 54,
          "high": 55,
          "enableLog": false
        },
        "RSIScalper": {
          "percentage": 50,
          "low": 25,
          "high": 75,
          "candleSize": 10,
          "pair": "USD_ZEC",
          "enableLog": false
        },
        "RSIScalpOrderer": {
          "low": 34,
          "high": 70,
          "expiry": 20,
          "candleSize": 5,
          "pair": "USD_ZEC",
          "enableLog": true
        },
        "StopLossTurn": {
          "order": "closeLong",
          "setback": 5.0,
          "setbackLong": 5.5,
          "time": 7200,
          "setbackProfit": 2.7,
          "triggerProfit": 4.3,
          "timeProfit": 120,
          "notifyBeforeStopSec": 1800,
          "reduceTimeByVolatility": false,
          "low": 52,
          "high": 56,
          "candleSize": 5,
          "pair": "USD_ZEC",
          "enableLog": false
        },
        "TakeProfitStochRSI": {
          "percentage": 50,
          "low": 11,
          "high": 87,
          "interval": 25,
          "closeRateFactor": 0.9992,
          "candleSize": 60,
          "orderStrategy": "TriggerOrder",
          "pair": "USD_ZEC",
          "enableLog": true
        },
        "TriggerOrder": {
          "candleSize": 1,
          "pair": "USD_ZEC",
          "enableLog": true
        }
      }
    },
    {
      "exchanges": ["Bitfinex"],
      "marginTrading": true,
      "tradeTotalBtc": 0.0,
      "notifyTrades": true,
      "strategies": {
        "PlanRunner": {
          "orders": [
            {
              "action": "buy",
              "comp": "<",
              "position": "none",
              "rate": 797.9,
              "reason": "middle high",
              "indicators": ["RSI"]
            }
          ],
          "pair": "USD_BCH",
          "candleSize": 1,
          "tradeStrategy": "RSIScalpOrderer",
          "enableLog": true
        },
        "RSI": {
          "pair": "USD_BCH",
          "candleSize": 15,
          "interval": 5,
          "low": 54,
          "high": 55,
          "enableLog": false
        },
        "RSIScalper": {
          "percentage": 50,
          "low": 25,
          "high": 75,
          "candleSize": 10,
          "pair": "USD_BCH",
          "enableLog": false
        },
        "RSIScalpOrderer": {
          "low": 34,
          "high": 70,
          "expiry": 20,
          "candleSize": 5,
          "pair": "USD_BCH",
          "enableLog": true
        },
        "StopLossTurn": {
          "order": "closeLong",
          "setback": 5.0,
          "setbackLong": 5.5,
          "time": 7200,
          "setbackProfit": 2.7,
          "triggerProfit": 4.3,
          "timeProfit": 120,
          "notifyBeforeStopSec": 1800,
          "reduceTimeByVolatility": false,
          "low": 52,
          "high": 56,
          "candleSize": 5,
          "pair": "USD_BCH",
          "enableLog": false
        },
        "TakeProfitStochRSI": {
          "percentage": 50,
          "low": 11,
          "high": 87,
          "interval": 25,
          "closeRateFactor": 0.9992,
          "candleSize": 60,
          "orderStrategy": "TriggerOrder",
          "pair": "USD_BCH",
          "enableLog": true
        },
        "TriggerOrder": {
          "candleSize": 1,
          "pair": "USD_BCH",
          "enableLog": true
        }
      }
    },
    {
      "exchanges": ["Bitfinex"],
      "marginTrading": true,
      "tradeTotalBtc": 120.0,
      "notifyTrades": true,
      "strategies": {
        "PlanRunner": {
          "orders": [
            {
              "action": "buy",
              "comp": "<",
              "position": "none",
              "rate": 7.21,
              "reason": "middle high",
              "indicators": ["RSI"]
            },
            {
              "action": "sell",
              "comp": ">",
              "position": "none",
              "rate": 8.9,
              "reason": "middle high",
              "indicators": ["RSI"]
            }
          ],
          "pair": "USD_OMG",
          "candleSize": 1,
          "tradeStrategy": "RSIScalpOrderer",
          "enableLog": true
        },
        "RSI": {
          "pair": "USD_OMG",
          "candleSize": 15,
          "interval": 5,
          "low": 54,
          "high": 55,
          "enableLog": false
        },
        "RSIScalper": {
          "percentage": 50,
          "low": 25,
          "high": 75,
          "candleSize": 10,
          "pair": "USD_OMG",
          "enableLog": false
        },
        "RSIScalpOrderer": {
          "low": 34,
          "high": 70,
          "expiry": 20,
          "candleSize": 5,
          "pair": "USD_OMG",
          "enableLog": true
        },
        "StopLossTurn": {
          "order": "closeLong",
          "setback": 5.0,
          "setbackLong": 5.5,
          "time": 7200,
          "setbackProfit": 2.7,
          "triggerProfit": 4.3,
          "timeProfit": 120,
          "notifyBeforeStopSec": 1800,
          "reduceTimeByVolatility": false,
          "low": 52,
          "high": 56,
          "candleSize": 5,
          "pair": "USD_OMG",
          "enableLog": false
        },
        "TakeProfitStochRSI": {
          "percentage": 50,
          "low": 11,
          "high": 87,
          "interval": 25,
          "closeRateFactor": 0.9992,
          "candleSize": 60,
          "orderStrategy": "TriggerOrder",
          "pair": "USD_OMG",
          "enableLog": true
        },
        "TriggerOrder": {
          "candleSize": 1,
          "pair": "USD_OMG",
          "enableLog": true
        }
      }
    },
    {
      "exchanges": ["Bitfinex"],
      "marginTrading": true,
      "tradeTotalBtc": 150.0,
      "notifyTrades": true,
      "strategies": {
        "PlanRunner": {
          "orders": [
            {
              "action": "buy",
              "comp": "<",
              "position": "none",
              "rate": 33.99,
              "reason": "middle high",
              "indicators": ["RSI"]
            },
            {
              "action": "sell",
              "comp": ">",
              "position": "none",
              "rate": 52.4,
              "reason": "middle high",
              "indicators": ["RSI"]
            }
          ],
          "pair": "USD_NEO",
          "candleSize": 1,
          "tradeStrategy": "RSIScalpOrderer",
          "enableLog": true
        },
        "RSI": {
          "pair": "USD_NEO",
          "candleSize": 15,
          "interval": 5,
          "low": 54,
          "high": 55,
          "enableLog": false
        },
        "RSIScalper": {
          "percentage": 50,
          "low": 25,
          "high": 75,
          "candleSize": 10,
          "pair": "USD_NEO",
          "enableLog": false
        },
        "RSIScalpOrderer": {
          "low": 34,
          "high": 70,
          "expiry": 20,
          "candleSize": 5,
          "pair": "USD_NEO",
          "enableLog": true
        },
        "StopLossTurn": {
          "order": "closeLong",
          "setback": 5.0,
          "setbackLong": 5.5,
          "time": 7200,
          "setbackProfit": 2.7,
          "triggerProfit": 4.3,
          "timeProfit": 120,
          "notifyBeforeStopSec": 1800,
          "reduceTimeByVolatility": false,
          "low": 52,
          "high": 56,
          "candleSize": 5,
          "pair": "USD_NEO",
          "enableLog": false
        },
        "TakeProfitStochRSI": {
          "percentage": 50,
          "low": 11,
          "high": 87,
          "interval": 25,
          "closeRateFactor": 0.9992,
          "candleSize": 60,
          "orderStrategy": "TriggerOrder",
          "pair": "USD_NEO",
          "enableLog": true
        },
        "TriggerOrder": {
          "candleSize": 1,
          "pair": "USD_NEO",
          "enableLog": true
        }
      }
    },
    {
      "exchanges": ["Bitfinex"],
      "marginTrading": true,
      "tradeTotalBtc": 150.0,
      "notifyTrades": true,
      "strategies": {
        "PlanRunner": {
          "orders": [
            {
              "action": "buy",
              "comp": "<",
              "position": "none",
              "rate": 7.99,
              "reason": "middle high",
              "indicators": ["RSI"]
            },
            {
              "action": "sell",
              "comp": ">",
              "position": "none",
              "rate": 10.2,
              "reason": "middle high",
              "indicators": ["RSI"]
            }
          ],
          "pair": "USD_EOS",
          "candleSize": 1,
          "tradeStrategy": "RSIScalpOrderer",
          "enableLog": true
        },
        "RSI": {
          "pair": "USD_EOS",
          "candleSize": 15,
          "interval": 5,
          "low": 54,
          "high": 55,
          "enableLog": false
        },
        "RSIScalper": {
          "percentage": 50,
          "low": 25,
          "high": 75,
          "candleSize": 10,
          "pair": "USD_EOS",
          "enableLog": false
        },
        "RSIScalpOrderer": {
          "low": 34,
          "high": 70,
          "expiry": 20,
          "candleSize": 5,
          "pair": "USD_EOS",
          "enableLog": true
        },
        "StopLossTurn": {
          "order": "closeLong",
          "setback": 5.0,
          "setbackLong": 5.5,
          "time": 7200,
          "setbackProfit": 2.7,
          "triggerProfit": 4.3,
          "timeProfit": 120,
          "notifyBeforeStopSec": 1800,
          "reduceTimeByVolatility": false,
          "low": 52,
          "high": 56,
          "candleSize": 5,
          "pair": "USD_EOS",
          "enableLog": false
        },
        "TakeProfitStochRSI": {
          "percentage": 50,
          "low": 11,
          "high": 87,
          "interval": 25,
          "closeRateFactor": 0.9992,
          "candleSize": 60,
          "orderStrategy": "TriggerOrder",
          "pair": "USD_EOS",
          "enableLog": true
        },
        "TriggerOrder": {
          "candleSize": 1,
          "pair": "USD_EOS",
          "enableLog": true
        }
      }
    },
    {
      "exchanges": ["Bitfinex"],
      "marginTrading": true,
      "tradeTotalBtc": 140.0,
      "notifyTrades": true,
      "strategies": {
        "PlanRunner": {
          "orders": [
            {
              "action": "buy",
              "comp": "<",
              "position": "none",
              "rate": 0.481,
              "reason": "middle high",
              "indicators": ["RSI"]
            },
            {
              "action": "sell",
              "comp": ">",
              "position": "none",
              "rate": 0.538,
              "reason": "middle high",
              "indicators": ["RSI"]
            }
          ],
          "pair": "USD_XRP",
          "candleSize": 1,
          "tradeStrategy": "RSIScalpOrderer",
          "enableLog": true
        },
        "RSI": {
          "pair": "USD_XRP",
          "candleSize": 15,
          "interval": 5,
          "low": 54,
          "high": 55,
          "enableLog": false
        },
        "RSIScalper": {
          "percentage": 50,
          "low": 25,
          "high": 75,
          "candleSize": 10,
          "pair": "USD_XRP",
          "enableLog": false
        },
        "RSIScalpOrderer": {
          "low": 34,
          "high": 70,
          "expiry": 20,
          "candleSize": 5,
          "pair": "USD_XRP",
          "enableLog": true
        },
        "StopLossTurn": {
          "order": "closeLong",
          "setback": 5.0,
          "setbackLong": 5.5,
          "time": 7200,
          "setbackProfit": 2.7,
          "triggerProfit": 4.3,
          "timeProfit": 120,
          "notifyBeforeStopSec": 1800,
          "reduceTimeByVolatility": false,
          "low": 52,
          "high": 56,
          "candleSize": 5,
          "pair": "USD_XRP",
          "enableLog": false
        },
        "TakeProfitStochRSI": {
          "percentage": 50,
          "low": 11,
          "high": 87,
          "interval": 25,
          "closeRateFactor": 0.9992,
          "candleSize": 60,
          "orderStrategy": "TriggerOrder",
          "pair": "USD_XRP",
          "enableLog": true
        },
        "TriggerOrder": {
          "candleSize": 1,
          "pair": "USD_XRP",
          "enableLog": true
        }
      }
    }
  ]
}