{
    "data": [
        {
            "exchanges": [
                "OKEX"
            ],
            "marginTrading": true,
            "tradeTotalBtc": 0.031,
            "notifyTrades": false,
            "strategies": {
                "StopLossTurn": {
                    "order": "closeLong",
                    "setback": 5,
                    "setbackLong": 5.5,
                    "updateTrailingStop": true,
                    "time": 300,
                    "setbackProfit": 2.7,
                    "triggerProfit": 4.3,
                    "timeProfit": 120,
                    "notifyBeforeStopSec": 0,
                    "stopPriceType": "avg",
                    "reduceTimeByVolatility": false,
                    "keepTrendOpen": true,
                    "minOpenTime": 0,
                    "low": 52,
                    "high": 56,
                    "candleSize": 5,
                    "pair": "USD_BTC",
                    "enableLog": false
                }
            }
        }
    ]
}
