{
  "data": [
    {
      "exchanges": ["OKEX"],
      "marginTrading": true,
      "tradeTotalBtc": 0.031,
      "notifyTrades": false,
      "strategies": {
        "StopLossTurnPartial": {
          "percentage": 50,
          "order": "closeLong",
          "setback": 5.0,
          "setbackLong": 5.5,
          "time": 300,
          "setbackProfit": 2.7,
          "triggerProfit": 4.3,
          "timeProfit": 120,
          "notifyBeforeStopSec": 0,
          "reduceTimeByVolatility": false,
          "low": 52,
          "high": 56,
          "candleSize": 5,
          "pair": "USD_BTC",
          "enableLog": false
        }
      }
    }
  ]
}