{
  "data": [
    {
      "exchanges": ["Bitfinex"],
      "marginTrading": true,
      "tradeTotalBtc": 200.0,
      "warmUpMin": 0,
      "strategies": {
        "TakeProfitStochRSI": {
          "percentage": 50,
          "low": 11,
          "high": 87,
          "interval": 25,
          "optInFastK_Period": 5,
          "optInFastD_Period": 3,
          "optInFastD_MAType": 0,
          "closeRateFactor": 0.9992,
          "time": 300,
          "keepTrendOpen": true,
          "alwaysIncreaseStop": false,
          "ensureProfit": true,
          "minOpenTicks": 12,
          "stopPriceType": "avg",
          "candleSize": 60,
          "orderStrategy": "TriggerOrder",
          "pair": "USD_BTC",
          "enableLog": true
        },
        "TriggerOrder": {
          "candleSize": 1,
          "pair": "USD_BTC",
          "enableLog": true
        }
      }
    }
  ]
}
