{
  "data": [
    {
      "exchanges": "default",
      "marginTrading": true,
      "tradeTotalBtc": 0.15,
      "warmUpMin": 0,
      "strategies": {
        "MACD": {
          "short": 10,
          "long": 26,
          "signal": 9,
          "pair": "BTC_ETH",
          "candleSize": 60,
          "enableLog": true
        },
        "TimeStop": {
          "minCandles": 12,
          "trailingStopPerc": 0.1,
          "closePosition": "always",
          "time": 30,
          "keepTrendOpen": false,
          "low": 25,
          "high": 75,
          "candleSize": 30,
          "pair": "BTC_ETH",
          "enableLog": false
        },
        "StopLossTurn": {
          "order": "closeShort",
          "setback": 1.29,
          "time": 180,
          "candleSize": 1,
          "pair": "BTC_ETH",
          "enableLog": true
        },
        "TakeProfit": {
          "order": "closeShort",
          "profit": 1.95,
          "time": 900,
          "candleSize": 1,
          "pair": "BTC_ETH",
          "enableLog": true
        }
      }
    }
  ]
}