{
  "data": [
    {
      "exchanges": "BitMEX",
      "marginTrading": true,
      "tradeTotalBtc": 0.03,
      "notifyTrades": true,
      "strategies": {
        "TrailingStopReverseEntry": {
          "supportLines": [3900],
          "resistanceLines": [4100],
          "trailingStopGoLong": 2.0,
          "trailingStopGoShort": 2.0,
          "expirationPercent": 4.0,
          "pair": "USD_BTC",
          "candleSize": 1,
          "tradeStrategy": "RSIScalpOrderer",
          "enableLog": true
        },
        "RSIScalpOrderer": {
          "low": 34,
          "high": 70,
          "immediateLow": 15,
          "immediateHigh": 85,
          "expiry": 20,
          "candleSize": 3,
          "pair": "USD_BTC",
          "enableLog": true
        },
        "StopLossTurn": {
          "order": "closeLong",
          "setback": 0.8,
          "setbackLong": 0.8,
          "time": 180,
          "reduceTimeByVolatility": false,
          "low": 52,
          "high": 56,
          "candleSize": 5,
          "pair": "USD_BTC",
          "enableLog": false
        },
        "TakeProfit": {
          "order": "closeLong",
          "stop": 0.0,
          "profit": 1.1,
          "trailingStopPerc": 0.5,
          "time": 40,
          "candleSize": 5,
          "pair": "USD_BTC",
          "enableLog": false
        }
      }
    }
  ]
}