{
  "data": [
    {
      "exchanges": "default",
      "marginTrading": true,
      "tradeTotalBtc": 0.6,
      "warmUpMin": 0,
      "strategies": {
        "Trendatron": {
          "interval": 9,
          "pair": "BTC_LTC",
          "candleSize": 60,
          "enableLog": true
        },
        "StopLossTurn": {
          "order": "closeLong",
          "setback": 9.99,
          "time": 14400,
          "candleSize": 1,
          "pair": "BTC_LTC",
          "enableLog": false
        }
      }
    },
    {
      "exchanges": "default",
      "marginTrading": true,
      "tradeTotalBtc": 0.6,
      "warmUpMin": 0,
      "strategies": {
        "Trendatron": {
          "interval": 14,
          "pair": "BTC_ETH",
          "candleSize": 60,
          "enableLog": true
        },
        "StopLossTurn": {
          "order": "closeLong",
          "setback": 8.99,
          "time": 14400,
          "candleSize": 1,
          "pair": "BTC_ETH",
          "enableLog": false
        }
      }
    }
  ]
}