{
  "data": [
    {
      "exchanges": "Poloniex",
      "marginTrading": true,
      "tradeTotalBtc": 0.7,
      "warmUpMin": 0,
      "strategies": {
        "VolumeProfiler": {
          "interval": 48,
          "volumeRows": 24,
          "valueAreaPercent": 70.0,
          "minVolumeSpike": 1.2,
          "tradeMode": "breakout",
          "minVolumeSpikeBreakout": 2.1,
          "pair": "BTC_ETH",
          "candleSize": 60,
          "tradeStrategy": "RSIScalpOrderer",
          "enableLog": true
        },
        "RSIScalpOrderer": {
          "low": 34,
          "high": 70,
          "expiry": 20,
          "candleSize": 5,
          "pair": "BTC_ETH",
          "enableLog": false
        },
        "StopLossTurn": {
          "order": "closeLong",
          "setback": 1.5,
          "setbackLong": 1.5,
          "time": 300,
          "reduceTimeByVolatility": false,
          "low": 52,
          "high": 56,
          "candleSize": 5,
          "pair": "BTC_ETH",
          "enableLog": false
        },
        "TimeStop": {
          "minCandles": 48,
          "trailingStopPerc": 1.1,
          "closePosition": "always",
          "time": 30,
          "keepTrendOpen": false,
          "low": 25,
          "high": 75,
          "candleSize": 30,
          "pair": "BTC_ETH",
          "enableLog": false
        },
        "TakeProfit": {
          "order": "closeLong",
          "profit": 1.8,
          "time": 300,
          "candleSize": 5,
          "pair": "BTC_ETH",
          "enableLog": false
        }
      }
    }
  ]
}