{
  "data": [
    {
      "exchanges": ["OKEX"],
      "marginTrading": true,
      "tradeTotalBtc": 0.06,
      "warmUpMin": 0,
      "strategies": {
        "WaveSurferLeverage": {
          "minSurfCandles": 1,
          "pair": "USD_BTC",
          "candleSize": 126,
          "enableLog": true
        },
        "StopLossTurn": {
          "order": "closeLong",
          "setback": 1.8,
          "time": 300,
          "candleSize": 3,
          "pair": "USD_BTC",
          "enableLog": false
        },
        "TakeProfit": {
          "order": "closeLong",
          "profit": 2.9,
          "time": 5028,
          "candleSize": 12,
          "pair": "USD_BTC",
          "enableLog": false
        },
        "TakeProfitPartial": {
          "order": "closeLong",
          "profit": 1.3,
          "percentage": 41,
          "time": 811,
          "candleSize": 5,
          "pair": "USD_BTC",
          "enableLog": false
        }
      }
    },
    {
      "exchanges": ["OKEX"],
      "marginTrading": true,
      "tradeTotalBtc": 1.4,
      "warmUpMin": 0,
      "strategies": {
        "WaveSurferLeverage": {
          "minSurfCandles": 1,
          "pair": "USD_LTC",
          "candleSize": 126,
          "enableLog": true
        },
        "StopLossTurn": {
          "order": "closeLong",
          "setback": 1.4,
          "time": 300,
          "candleSize": 3,
          "pair": "USD_LTC",
          "enableLog": false
        },
        "TakeProfit": {
          "order": "closeLong",
          "profit": 4.0,
          "time": 3604,
          "candleSize": 9,
          "pair": "USD_LTC",
          "enableLog": false
        },
        "TakeProfitPartial": {
          "order": "closeLong",
          "profit": 2.5,
          "percentage": 40,
          "time": 832,
          "candleSize": 5,
          "pair": "USD_LTC",
          "enableLog": false
        }
      }
    }
  ]
}