{
  "data": [
    {
      "exchanges": "default",
      "marginTrading": true,
      "tradeTotalBtc": 0.0,
      "warmUpMin": 0,
      "strategies": {
        "WaveOpener": {
          "pair": "BTC_ETH",
          "candleSize": 60,
          "enableLog": true
        },
        "WaveStopper": {
          "minSurfCandles": 1,
          "pair": "BTC_ETH",
          "candleSize": 600,
          "enableLog": true
        },
        "StopLossTurn": {
          "order": "closeLong",
          "setback": 3.0,
          "time": 3600,
          "candleSize": 6,
          "pair": "BTC_ETH",
          "enableLog": false
        },
        "TakeProfit": {
          "order": "closeLong",
          "profit": 2,
          "time": 10670,
          "candleSize": 36,
          "pair": "BTC_ETH",
          "enableLog": false
        },
        "TakeProfitPartial": {
          "order": "closeLong",
          "profit": 8,
          "percentage": 40,
          "time": 300,
          "candleSize": 6,
          "pair": "BTC_ETH",
          "enableLog": false
        }
      }
    },
    {
      "exchanges": "default",
      "marginTrading": true,
      "tradeTotalBtc": 0.0,
      "warmUpMin": 0,
      "strategies": {
        "WaveOpener": {
          "pair": "BTC_LTC",
          "candleSize": 60,
          "enableLog": true
        },
        "WaveStopper": {
          "minSurfCandles": 1,
          "pair": "BTC_LTC",
          "candleSize": 600,
          "enableLog": true
        },
        "StopLossTurn": {
          "order": "closeLong",
          "setback": 3.0,
          "time": 3600,
          "candleSize": 6,
          "pair": "BTC_LTC",
          "enableLog": false
        },
        "TakeProfit": {
          "order": "closeLong",
          "profit": 2,
          "time": 10670,
          "candleSize": 36,
          "pair": "BTC_LTC",
          "enableLog": false
        },
        "TakeProfitPartial": {
          "order": "closeLong",
          "profit": 8,
          "percentage": 40,
          "time": 300,
          "candleSize": 6,
          "pair": "BTC_LTC",
          "enableLog": false
        }
      }
    }
  ]
}