{
  "data": [
    {
      "exchanges": "default",
      "marginTrading": true,
      "tradeTotalBtc": 0.7,
      "warmUpMin": 0,
      "strategies": {
        "WaveSurfer": {
          "minSurfCandles": 2,
          "pair": "BTC_ETH",
          "candleSize": 240,
          "enableLog": true
        },
        "StopLossTurn": {
          "order": "closeLong",
          "setback": 3.99,
          "time": 3600,
          "candleSize": 60,
          "pair": "BTC_ETH",
          "enableLog": false
        },
        "TakeProfit": {
          "order": "closeLong",
          "profit": 4.0,
          "time": 3600,
          "candleSize": 60,
          "pair": "BTC_ETH",
          "enableLog": false
        }
      }
    },
    {
      "exchanges": "default",
      "marginTrading": true,
      "tradeTotalBtc": 0.7,
      "warmUpMin": 0,
      "strategies": {
        "WaveSurfer": {
          "minSurfCandles": 3,
          "pair": "BTC_LTC",
          "candleSize": 240,
          "enableLog": true
        },
        "StopLossTurn": {
          "order": "closeLong",
          "setback": 3.99,
          "time": 3600,
          "candleSize": 60,
          "pair": "BTC_LTC",
          "enableLog": false
        },
        "TakeProfit": {
          "order": "closeLong",
          "profit": 2.5,
          "time": 3600,
          "candleSize": 60,
          "pair": "BTC_LTC",
          "enableLog": false
        }
      }
    }
  ]
}